en,as,bn,doi,gu,hi,kn,kok,ml,mn,mr,ne,or,pa,ta,te,ur
2g1c,ржкржХрз░ ржорж╛рз░,ржЖржорж╛рж░ ржирзБржирзБ ржЪрж╛ржЯ,рднреИреЬреА/рднреИреЬрд╛,ркнрлЗркгркЫрлЛркж,рднрд╛рджрд╡рд╛,р▓др▓┐р▓Х,рдЖрд╡реЛрдИ рдЭреЛрд╡рдгреЛ,р┤ир┤┐р╡╗р╡Нр┤▒р╡Ж р┤Ер┤ор╡Нр┤о р┤кр┤Яр╡Нр┤Яр┤┐,ъпСъпИъпаъпДъпд,рд▓рдВрдб,рдЖрдорд╛ рдЯреЛрдХреБрд╡рд╛,рмЕрмнрмжрнНрм░,рилрйБрй▒рижрйА,роХрпВроорпБроЯрпНроЯрпИ,р░кр▒Бр░Хр░╛,┘Д╪╣┘Ж╪к
2 girls 1 cup,ржмрж╛ржБрж╣ ржЦрзЛрз▒рж╛,ржмрж╛рж▓ ржмрж┐ржЪрж┐,рд▓реВрдд,ркорк╛ркжрк░ркЪрлЛркж,рднреЛрд╕реНрдбрд┐рдХреЗ,р▓др│Бр▓гр│Нр▓гр│Ж,рдЕрд╡реЛрдИрдЪреА рдлреБрджреНрдз,р┤Жр┤и р┤Хр╡Бр┤гр╡Нр┤г,ъпСъпИъпаъпДъпд ъпЕъпиъпДъпд,рд▓реМрдбрд╛,рдЕрд▓рдЫрд┐рдирд╛,рммрмб рммрнЛрмЙ рмШрм┐рмЖ,ри▓рйЛриб,роХроорпНрооройро╛роЯрпНроЯро┐,р░кр▒Вр░Хр▒Б,╪н╪▒╪з┘Е█М█Ф
acrotomophilia,ржмрж╛рж▓,ржЧрж╛ржирзНржбрзБ,рдЯреМрдВрд╕,ркнрлЛркВрк╕ркбрлАркирк╛,рдЪреБрдЯрд┐рдпрд╛,р▓др│Бр▓гр│Нр▓гр▓┐,рдорд╛рдИрдЪреА рдлреБрджреНрдз,р┤Жр┤и р┤╡р╡Жр┤Яр┤┐,ъпСъпГъпиъпАъпеъпЗъпнъпФъпгъпб,рд▓рд╡рдбрд╛,рдЖрдБрдбреЗ,рммрм╛рмгрнНрмб,ридрйЗри░рйА риори╛риВ рибрйА,роЪро╛ро╡рпБроХро┐ро░ро╛роХрпНроХро┐,р░ор▒Кр░бр▒Нр░б,┘Ж╪з╪м╪з╪ж╪▓
alabama hot pocket,ржмрж╛рж▓ ржХрзЗрж▓рж╛,ржмрж╛ржмрж╛ ржЪрзЛржжрж╛ рж░рзЗржирзНржбрж┐,рдореЛрдпрд╛/рдореЛрдпреА,ркнрлЛркВрк╕ркбрлАркирлА,рдЧрд╛рдВрдбреВ,р▓др│Бр▓▓р│Нр▓▓р│Б,рдмрд╛рдХрд░реА,р┤Ер┤Ър╡Нр┤Ыр╡╗р╡Нр┤▒р╡Ж р┤Ер┤гр╡Нр┤Яр┤┐,ъпСъпЙъпеъпОъпХъпе,рдмреБрд▓реНрд▓рд╛,рдЕрдкреБрддрд╛рд▓реА,рммрм╛рмгрнНрмб рморнБрмгрнНрмбрм┐,ри▓рй░риб рилри╛риб ри▓ри╛,рокрпКро▒роорпНрокрпЛроХрпНроХрпБ,р░▓р░Вр░Ь,╪и╪п┘Е╪╣╪з╪┤
alaskan pipeline,ржХрзЗрж▓рж╛,ржмрж╛ржиржЪрзЛржж,рдкрд░рдЧрдЯреНрдЯ,рк▓рлЛркбрк╛,рд░рдВрдбреА,р▓╢р▓╛р▓Я,рдмрд╛рдмрд╛рдХ рдЭреЛрд╡рдгреНрдпрд╛,р┤Ер┤Ър╡Нр┤Ър┤┐р┤Щр╡Нр┤Щ р┤Хр╡Бр┤гр╡Нр┤гр╡╗,ъпСъпЙъпеъпОъпХъпд,рдЖрдВрдб,рдмрд╛рдБрджрд░реНрдиреА,рмЧрм╛рмгрнНрмбрм┐рмЖ,ри▓рйЛрибрйЗ ридрйЗ ри╡ри╛риЬ,роХро┐ро┤роЯрпНроЯрпБ,р░Хр▒Кр░бр░Х,╪▒┘Ж┌И█М
anal,ржмрж╛рж▓ ржЦрзЛрз░рзЛрз▒рж╛,ржмрж╛ржбрж╝рж╛,рддреНрд░рдЯреНрдЯрдиреВ,рк╣рк┐ркЬркбрк╛,рдирдкреБрдВрд╕рдХ,р▓мр│Лр▓╕р│Бр▓бр▓┐,рдмрд╛рдмрд╛рдп рдЖрдВрдб,р┤Ер┤гр╡Нр┤Яр┤┐ р┤кр┤┐р┤Яр┤┐р┤пр╡╗,ъпСъпДъпк,рдЧреЛрдЯреА,рдмрд╛рд╣реБрдиреА рдХрд╛рдареА,рммрнЗрмз рмЯрнЛрмХрм╛,рикрйИри░ри╛ри╣рйБриири╛,рокрпБрогрпНроЯрпИ,р░Хр▒Кр░Ьр▒Нр░Ьр░ир░╛ р░Хр▒Кр░бр░Х,╪░┘Д█М┘Д
anilingus,ржмрж╛ржкрзЗрз░рз░ ржХржгрзАржЯрзЛ,ржмрзЛржЧрж╛,рдХрдлреНрдлрдиреВ,ркЫркХрлНркХрлЛ,рд▓реМрдбрд╝реЗ,р▓мр│Лр▓╕р│Бр▓бр▓┐р▓Хр│Ж,рдмреИрдирд┐рдХ рдЭреЛрд╡рдгреНрдпрд╛,р┤Ер┤кр╡Нр┤кр┤┐ р┤Хр╡Бр┤гр╡Нр┤г,ъпСъпДъпк ъпВъпеъпХ,рдЧреЛрдЯреНрдпрд╛,рдмрд╛рдИрдБ рд▓рдЧрд╛рдПрд░ рдмрд╕реН,рммрнЗрмзрнЗрмЗ,рилрйБрй▒рижрйВ,роХро░рпБроороорпН,р░мр▒Лр░╕р▒Ар░бр░┐р░Хр▒Ж,╪│╪д╪▒
anus,ржмрж╛ржкрзЗрз░рз░ ржкржХрз░ржЯрзЛ,ржмрзЛржЧрж╛ ржЦрж╛,рднреВрддрдиреА рджрд╛,ркЪрлЛркжрлАркирк╛,рд▓реМрдбрд╝реЗ,р▓бр▓Чр▓╛р▓░р│Н,рдмреЗрд╡рд░реНрд╖реА,р┤Ър┤▓р┤В р┤ир┤Хр╡Нр┤Хр┤┐,ъпСъпДъпк ъпВъпеъпХъпе,рдкреБрдЪреНрдЪреА,рдмрд╛рдЗрдлрд╛рд▓реА,рммрнЗрмзрнЗрмЗ рмкрнБрмЕ,ри╕ри╛ри▓рйЗ,роХро░рпБрооро╛ройрпНро▒роорпН,р░жр▒Жр░Вр░Чр▒Б,┘Е╪з╪п╪▒┌Ж┘И╪п
apeshit,ржмрж╛ржирзНржжрз░ ржЪрзБржжрж╛,ржЦрж╛ржиржХрж┐ ржорж╛ржЧрзА,рдорд╛рджрд░рдЪреЛрдж,ркЪрлВркдрлАркпрк╛,рднреИрдирдЪреЛрдж,р▓╕р│Вр▓│р│Ж,рднрд┐рдХрд╛рд░рдЪреЛрдд,р┤Ър┤ир╡Нр┤др┤┐,ъпСъпДъпкъпЦъпеъпО,рднреЛрд╕рдбрд╛,рдмрдЬрд┐рдпрд╛,рмнрмЙрмгрнА рмЧрм┐рм╣рм╛,рилрйБрй▒рижрйА рижрйАриЖ,рокрпЛроЯрпНроЯ,р░жр▒Жр░Вр░Чр░┐,╪и█Б┘Ж ┌Ж┘И╪п
arsehole,,ржмрзЛржХрж╛ржЪрзЛржжрж╛,рд╕рд┐рд░ рдЦреЗ,ркЪрлБркд,рдХреБрддреНрддрд╛,р▓мр│Лр▓│р▓┐,рднреЛрдХрд╛рдг рдмреЛрдЯ,р┤Хр╡Бр┤гр╡Нр┤Яр┤┐,ъпХъпжъпБъпе,рдЪреВрдд,рдмрд╛рдиреНрдЪреЛрдЯ (рдмрд╣рдирдЪреЛрдВрдж),рммрм┐рмЖ рмлрмЯрм╛ рморм╛рмб,римрйВ рижри╛ римрйЛриЬ,роУродрпНродро╛,р░жр▒Жр░Вр░Чр▒Бр░др░╛,╪▓┘Ж╪з
ass,ржмрж╛рз░рзА,ржЪрзЛржжржирж╛,рдлрд┐рдЯреНрдЯреЗ рдореВрдВрд╣реН,рк░рк╛ркВркб,рд╣рд░рд╛рдореА,р▓ор│Бр▓Вр▓бр│Ж,рдЪреЗрджреА,р┤Зр┤Юр╡Нр┤Ър┤┐ р┤ор╡Кр┤▓,ъпХъпдъпНъпеъпФъпд,рдлреЛрджрд░реА,рдмрддрд╛рд╕реЗ,рммрм┐рмЖ,риХрй░риЬри░,рооропро┐ро▒рпБ,р░жр▒Жр░Вр░Ч,┘Д┘Ж┌И
asshole,ржмрзЗржЩрзЗржирж╛ ржорз░рж╛,ржЪрзЛржжржи,рднреИрдиреВ рджрд╛ рдпрд╛рд░,ркЪрлЛркжрлАркирлА,рдорд╛рджрд░рдЪреЛрдж,р▓░р▓Вр▓бр│Ж,рдЪреЗрджреАрдЪреНрдпрд╛ рдЭреЛрд╡рдгреНрдпрд╛,р┤Хр┤╛р┤Яр╡Нр┤Яр╡Б р┤кр╡Вр┤▒р┤┐,ъпХъпиъпЩъпи,рдлреЛрджреА,рдмрд╛рдЙ рдЯреЛрдХреБрд╡рд╛,рммрм┐рмЬ,ри╣римри╕ри╝рйА,роХрпВродро┐,р░ор▒Бр░Вр░б,┌п╪з┘Ж┌И┘И
assmunch,ржмрж┐рж▓рзНрж▓рж╛ ржЪрзБржжрж╛,ржЪрзБржж,рднреЛрд╕рдбрд╝реА рджрд╛,ркЪрлЛркжркХрк╛рко,рдЧрд╕реНрддреА,р▓░р▓Вр▓бр▓┐,рдЭреЛрд╡рдгреНрдпрд╛,р┤Хр┤гр╡Нр┤Яр┤┐,ъпХъпиъпЩъпи ъпВъпеъпХ,рднреЛрдХ,рдмреМрд▓рд╛рд╣рд╛,рммрнБрмЬрнБрм▓рм╛,риорйБриери▓,роЪрпБройрпНройро┐,р░╕р░╛р░▓р▒З,┌Ж┌И┌╛╪з
auto erotic,,ржЪрзБржжрж┐рж░ ржнрж╛ржЗ,рдЪреВрддрд┐рдЖ,ркЪрлВркдркорк╛рк░рлАркирлА,рдкрд╛рдЧрд▓,р▓ор▓┐р▓Вр▓бр│Нр▓░р▓┐,рдЪреЛрдВрдд,р┤Хр┤гр╡Нр┤гр┤┐ р┤ор╡Кр┤▓,ъпХъпиъпЩъпи ъпВъпеъпХъпе,рдЧрд╛рдВрдб,рдмреМрд▓рд╛рд╣реА,рмЪрнЛрмжрм┐рмкрнБрмЕ,рикрйИриириЪрйЛ,роЪрпВродрпНродрпБ,р░╣р▒Мр░▓р▒З,┌й┘Е█М┘Ж█Б
autoerotic,ржмрзИржирж╛ржХ ржЪрзБржжрж╛,ржзрзЛржи,рд▓реБрдВрдбрд╛,ркмрк╣рлЗркиркЪрлЛркж,рдЦреЛрддрд╛,р▓ор▓┐р▓Вр▓б,рдЪреЛрдВрддрд▓реА,р┤Хр┤гр╡Нр┤гр┤┐ р┤ор╡Бр┤▓,ъпХъпиъпЩъпиъпЦъпеъпО,рдмреЛрдЪрд╛,рд╡реЗрд╢рд┐рдпрд╛/ рд╡реЗрд╢реНрдпрд╛ / рдмреЗрд╢реНрдпреЗ,рмЫрнБрмХрм┐рммрм╛,ринрйИриг рижри╛ ри╕ри╝рйЛри▓ри╛,роЪрпВродрпНродрпБ,р░▓р░лр▒Вр░Яр▒Н,┘Е┘Ж╪н┘И╪│
babeland,ржмрзИржарж╛рж▓рж┐,ржлрзЛржЧрж╛,рд╕рд╛рд▓рд╛,рк▓ркВркб,рдлрд╛рдбрд╝ рджреВрдВрдЧрд╛,р▓ор│Кр▓▓р│Ж,рдлреЛрдбреЛ,р┤Хр┤░р┤┐ р┤Хр╡Бр┤гр╡Нр┤г,ъпХъпиъпЧъпи,рдЭрд╛рдЯ,рднрд╛рд▓реБ,рмжрмирм╛,ринрйЗриВриЪрйЛрибри╛,родро╛ропрпКро▓ро┐,р░ир░╛ р░Хр▒Кр░бр░Х,┌п╪п╪з
baby batter,ржмрзБржЫ ржЪрзЗрж▓рзЗржХрж╛,ржЧрж░рзБрж░ ржмрж╛ржЪрзНржЪрж╛,рдЙрд▓реНрд▓реБ рджрд╛ рдкрдЯреНрдард╛,ркЧрк╛ркВркб,рдлрдЯ рдЧрдИ,р▓Хр│Зр▓п,рдлреЛрджреНрд░реА,р┤др┤╛р┤пр╡Лр┤│р┤┐,ъпХъпиъпЧъпи ъпВъпеъпХ,рдЭрд╡,рднрд╛рддреЗ,рмЧрм╛рмгрнНрмбрм┐,риХри┐рй░риири░,родро╛ропрпЛро│ро┐,р░лр░Хр▒Н,┘Ж┌й┘Е╪з
baby juice,ржмрзБржЫ,ржЧрзБржж,рд░реН рд╣рд╛рдореА,рк▓рлЛркбрлЛ,рдХрдореАрдирд╛,р▓ир│Ар▓ир│Нр▓ир▓ор│Нр▓ор▓ир│Н,рдЧрд╛рдВрдб,р┤кр╡Вр╡╝,ъпХъпиъпЧъпи ъпВъпеъпХъпе,рдЪреЛрдж,рднрдЯреНрдЯреВ,рмЧрм╛рмгрнНрмбрм┐ рмШрм┐рмЖ,риЪри┐рй▒ридри░,родроЩрпНроХрпИропрпКро▓ро┐,р░Чр▒Бр░жр▒Нр░ж,╪о╪и█М╪л
ball gag,ржмрзБржЫ ржорз░рж╛,ржЧрзБржж ржорж╛рж░рж╛ржирж┐,рдХреБрддреНрддреА/рдХреБрддреНрддрд╛,рк╡рлИрк╢рлНркпрк╛,рдмрджрд┐рд░,р▓ир▓┐р▓ир│Нр▓ир▓Хр│Нр▓Хр▓ир│Н,рдЧрд╛рдВрдбреА рдмреЛрдЯ рдЧрд╛рд▓реА,р┤ор╡Ир┤░р╡╗,ъпХъпиъпЧъпиъпЦъпеъпО,рдЪреЛрджрдгреЗ,рднрддреБрд╡рд╛,рмЧрнЗрм╣рм┐рмБрммрм╛,рилрйБрй▒рижрйА рижри╛ риЯрйЛриЯри╛,родроЩрпНроХрпИропрпКро│ро┐,р░Чр▒Бр░жр▒Нр░з,╪┤█М╪╖╪з┘Ж
ball gravy,ржмрзБржЫ ржорж╛рз░рж╛,рж▓рзНржпрж╛ржУржбрж╝рж╛ ржЪрзЛржжрж╛,рдХрдВрдЬрд░реА/рдХрдВрдЬрд░,ркнрлЛркВрк╕ркбрлАркЪрлЛркж,рдмрджрд┐рд░рдЪрдВрдж,р▓ир▓┐р▓ир│Нр▓ир▓╡р│Нр▓╡р▓ир│Н,рдорд╛рд░реА,р┤Хр╡Вр┤др╡Нр┤др┤┐р┤Ър╡Нр┤Ър┤┐,ъпЖъпеъпЫъпКъпи,рд╣рдЧрдгреЗ,рднреЗрдЬрд╛,рмЧрнЛрм╖рнНрмарм┐ рмШрм┐рмЖ,риЧрй░рибрйВ,родрпЗро╡рпБроЯро┐ропро╛,р░╕р▒Бр░▓р▒Нр░▓р░┐,┘Ж╪з┘Е╪▒╪п
ball kicking,ржЫрзЗржЯ,рж╣рж╛рж░рж╛ржоржЬрж╛ржжрж╛,рдлреБрджреА рджрд╛,ркЪрлЛркжрлБркВ,рдмрдХрд▓рдВрдб,р▓Йр▓Ър│Нр▓Ър│Ж,рдорд┐рдиреНрдиреА,р┤Хр╡Бр┤гр╡Нр┤Яр╡╗,ъпЖъпЫъпКъпи,рд╣рдЧ,рднреБрдБрдбреЗ,рм╣рм┐рмЮрнНрмЬрмбрм╛,римрй░риирйНри╣,рокрпВро▓рпН,р░╡р░Яр▒Нр░Яр░Хр▒И,╪з┘Д┘И ┌й╪з ┘╛┘╣┌╛╪з
ball licking,ржЧрж╛рз░,ржЙржжрзНржЧрж╛ржирзНржбрзБ,рдлреБрджреБ,ркбрлЛрклрк╛,рднрдбрд╝рд╡рд╛,р▓мр│Бр▓▓р│Нр▓▓р▓┐р▓Хр│Ж,рдореЛрдореНрдореЗ,р┤Хр╡Бр┤гр╡Нр┤гр╡╗,ъпЖъпеъпОъпИъпаъпЗъпХъпе,рдореБрддрдгреЗ,рднреБрддреНрд░реЛ,рморм╛рмШрм┐рмЖ,римрйБрй░риб риори╛ри░ри╛,рокрпВро│рпВроорпНрокро┐,р░▓р░╡р░╛р░б,╪│╪з┘Д█Б
ball sack,ржЧрж╛рз░ ржорз░рж╛,ржЦрж╛ржБржХрж┐,рдорд╛рдВрдЪреМрдж,рк▓ркЦрлЛркЯрк╛,рднрдВрдбрд╡рд╛,р▓Ър▓┐р▓ир▓╛р▓▓р▓┐р▓Хр│Ж,рдореЛрдореЛ,р┤ор╡Вр┤Юр╡Нр┤Ър┤┐р┤Хр╡Нр┤Хр╡Л,ъпТъпЧъпе ъпВъпеъпХ,рдореБрдд,рдмреЛрдХрд╛,рмкрнЗрм▓рнЗрмЗ рмкрнБрмЕ,ризрйА риЫрйЛ,роКроорпНрокрпБ,р░▓р░╡р░б,╪и┌╛┌п┘И┌С╪з
ball sucking,ржЧрж╛рз░ ржорж╛рз░рж╛,ржорж╛ржЧрзНржЧрж┐,рдЕтАЩрдиреНрдиреА рджрд╛,ркЧрлЛркЯрлАркпрк╛,рднреВрддрдиреА рдХрд╛,р▓Ър▓┐р▓ир▓╛р▓▓р▓┐,рдкрд╛рджреВ,р┤ир┤╛р┤пр┤┐р┤ир╡Нр┤▒р╡Ж р┤ор╡Лр╡╗,ъпТъпЧъпе ъпВъпеъпХъпе,рд░рд╛рдВрдб,рдмреЛрдХреНрд╕реА,рмкрнБрмбрм┐,риЪрй▒риХри╛,ро▓ро╡родрпЗ,р░кр░┐р░░р▒Нр░░р░▓р▒Б,╪┤╪▒╪з╪и
bangbros,ржЧрж┐ржжрж╛,ржХрзНржпрж╛рж▓рж╛ржирзЗ ржЪрзЛржжрж╛,рдорд╛рдК рджрд╛ рдпрд╛рд░,ркмрлЗркЯрлАркЪрлЛркж,рдЫрд┐рдирд╛рд▓,р▓╣р▓бр│Нр▓╕р▓┐р▓Хр│Ж,рд░рд╛рдВрдбреЗ рдкреБрде,р┤Кр┤Хр╡Нр┤Хр┤┐,ъпТъпЧъпе,рд╡реЗрд╢реНрдпрд╛,рдмреБрдбреАрдХреЛ рдкреЗрдЯрд┐рдХреЛрдЯрдорд╛ рд▓реБрдХ,рм░рм╛рмгрнНрмбрм┐,риХрй░риЬри░,роХро░рпБро╡ро╛ропрпН,,┘Д┘Ж┌п┘И╪▒
bangbus,ржЧрж┐ржжрж╛ ржЦрзЛрз▒рж╛,ржХрзБрждрзНрждрж╛рж░ ржмрж╛ржЪрзНржЪрж╛,рдХреБрддреНрддреА,ркмрлЛркмрк▓рк╛,рдЪреБрдк рдХрд░,р▓╣р▓бр│Нр▓╕р│Б,рддреБрдЧрд┐рд▓реЗ рдЧрд╛рдВрдбреА,р┤Кр┤Вр┤мр┤┐,ъпТъпЧъпеъпЦъпеъпО,рдЫрд┐рдирд╛рд▓,рдЪрдореНрдЪреЗ,рмдрмдрнЗ рмЧрнЗрм╣рм┐рмБрммрм┐,ри╡рйЗри╕ри╝ри╡ри╛,роХрпЖро┤роЯрпНроЯрпБроХрпВродро┐,,┘╣┘╣█Т
bareback,ржЧрзЛ,ржХрзБрждрзНрждрж╛ ржЪрзЛржж,рдХрдмрддреНрддреА,рккрлАркХрлАркирк╛,рдЪреВрддрд┐рдП,р▓Хр│Бр▓Вр▓бр▓┐,рдЭреЛрд╡ рд░рдВрдЧреНрдпрд╛рдХ,р┤Кр┤ор╡Нр┤кр╡╗,ъпТъпЩъпе ъпВъпеъпХ,рднрдбрд╡рд╛,рдЪрдирд╛рдорддреА,рмдрнЛ рморм╛ рмХрнБ рмЧрм┐рм╣рнЗрмБ,ри╣ри░ри╛риориЬри╛рижрйА,роХрпЗройроХрпНроХрпВродро┐,,┌й┌╛╪│╪▒╪з
barely legal,ржоржХрзНржХрзЗрж▓,рж▓рзНржпрж╛ржУржбрж╝рж╛,рдХрдмрддреНрддрд╛,ркмркХркЪрлЛркжрлА,рдЪреБрдЯрд┐рдпрд╛,р▓╣р│Зр▓▓р│Б,рд░рд╛рдВрдбреЗрдЪреЛ,р┤кр┤Ър╡Нр┤Ъ р┤др┤╛р┤пр╡Лр┤│р┤┐,ъпТъпЩъпе ъпВъпеъпХъпе,рднрдбрд╡реНрдпрд╛,рдЫрд╛рдбрд╛,рмдрмдрнЗ рмЧрнЗрм╣рм┐рмБрммрм┐,риХрйБрй▒ридри╛,роХрпЗрой,,╪и┌╛┌С┘И╪з
barenaked,ржЬрж╣ржирзА,рж▓рзЗрж░,рдард░рдХреА,ркЪрлВркдрлАркпрк╛рккрк╛,рдЪреБрдЯрди,р▓╣р│Жр▓Вр▓бр│Нр▓░р│Б,рд╢реЗрдВрдд,р┤ор┤Юр╡Нр┤Ю р┤др┤╛р┤пр╡Лр┤│р┤┐,ъпТъпЩъпе,рдЧрд╛рдВрдбреВ,рдЫрдХреНрдХрд╛,рммрм╛рмгрнНрмб рморнБрмгрнНрмбрм┐,риХриорйАриири╛,роорпБрогрпНроЯроорпН,,╪п┘Д╪з┘Д
bastard,ржЬрж╣рз░рж╛,рж▓рзЗрж░ ржЦрж╛ржУржпрж╝рж╛,рдореБрд╢реНрдХреА,ркЧрк╛ркВркб ркорк╛ ркХрлАркбрлЛ,рдЧрд╕реНрддреА,р▓пр│Жр▓ир│Нр▓бр│Нр▓░р│Б,рдЭреНрд╣реЗрдВрдЧреЗ,р┤кр┤ор╡Нр┤кр┤░ р┤Хр╡Вр┤др╡Нр┤др┤┐р┤Ър╡Нр┤Ър┤┐,ъпТъпЩъпеъпЦъпеъпО,рд▓рд╡рдбреВ,рдЫреБрд▓реНрдпрд╛рд╣рд╛,рмнрмЙрмгрнА рмШрм┐рмЖ,риХрйБрй▒риЯрйА,роЪро╛рокроХрпНроХрпЗроЯрпБ,,█Б┘И╪│
bastardo,,ржорж╛ржЧрзАрж░ ржмрзЗржЯрж╛,рд▓реМрдбреЗ,ркнркбрк╡рк╛,рдЧрд╢реНрддреА,р▓Чр▓╛р▓Вр▓бр│Б,,р┤кр┤ир╡Нр┤ир┤┐р┤пр╡Лр┤│р┤┐,ъпТъпнъпМъпеъпЯъпКъпи,рдЭрд╛рдЯреВ,рдЪрд┐рдХреНрдЫреБ,рмЧрм╛рмгрнНрмбрм┐ рморм░рм╛ рм╕рмВрмХрм░рм╛,риХри╛риори┐риирйА,роХро┐ро┤роЯрпНроЯрпБ,,╪з╪н┘Е┘В
bastinado,,рж╣рж╛рж░рж╛ржорзА,рд░рдВрдбрд╛,рккрлАркХрлА рк░рк╛ркВркб ркирк╛,рдШрд╛рд╕рд╛рдж,р▓Чр│Бр▓мр▓╛р▓▓р│Н,рдЖрд╡реЛрдИрдЪреА рдлреБрдж,р┤кр┤▒р┤┐,ъпНъпеъпОъпЕъпеъпО,рдЪреБрддрд┐рдпрд╛,рдЪрд┐рдХреНрдиреЗ,рморнБрмарм┐ рморм░рм╛ рморм╛рмШрм┐рмЖ,риЧри╕ри╝ридрйА,роХрпКроЯрпНроЯ,,┌Ж┘О┌╛┌й╪з
bbw,ржХржЯрж┐,ржорж╛ржжрж╛рж░ржЪрзЛржж,рдЧрд╛рдВрдбреВ,ркнркбрк╡рлАркЪрлЛркж,рд╣рд░рд╛рдореА,р▓ор▓┐р▓Яр▓Хр▓▓р▓╛р▓бр▓┐,рдорд╛рдпрдЪреА рдлреБрдж,р┤кр┤Яр╡Нр┤Яр┤┐ р┤кр╡Вр┤▒р┤┐р┤ор╡Лр╡╗,ъпНъпеъпОъпКъпд,рдЪреБрддрд┐рдпреЗ,рдЪрд┐рдХреНрдиреБ/ рдЪрд┐рдХреНрдпреЛ,,ринрй▒риЬ,рокрпБроЯрпБроЩрпНроХро┐,,╪к┘О┘Д┘Т┘И█Т ┌Ж╪з┘╣┘Т┘Ж╪з
bdsm,ржХржЯрж┐ржд ржмрж╛рз░рзА рж╕рзБржорзБрз▒рж╛ржЗ ржжрж┐ржо,ржирзНржпрж╛ржВржЯрж╛,рднреИрди рдЪреМрдж,ркнрлЛркВрк╕ркбрлАрк╡рк╛рк▓рлЗ,рд╣рд░рд╛рдо рдЬрд╝рд╛рджрд╛,р▓Рр▓ир▓╛р▓др▓┐,рдмрд╛рдХреНрд░реА,р┤кр┤Яр╡Нр┤Яр┤┐ р┤др╡Ар┤Яр╡Нр┤Яр┤В,ъпНъпеъпОъпКъпи,рдЪреБрддреНрддреНрдпрд╛,рдЪрд┐рдХреБрд╡рд╛,,римрйАримрйА рижрйА рилрйБрижрйА,роХрпБрогрпНроЯро┐,,╪н█М╪╢
beaner,ржХрзБржХрзБрз░рз░ ржкрзЛрз▒рж╛рж▓рж┐,ржирзБржирзБ,рдлрдЯреНрдЯреАтАЩрдИ,ркЧрлЗрк▓ркЪрлЛркжрлАркирк╛,рд╣рд┐рдЬрдбрд╝рд╛,р▓Хр│Кр▓░р▓о,,р┤др╡Ар┤Яр╡Нр┤Яр┤В,ъпНъпйъпКъпи,рдорд╛рджрд░рдЪреЛрдж,рдЪреЛрдХреНрдЯрд╛,,риори╛риВ рижрйА рилрйБрижрйА,рооро╛рооро╛ рокропро▓рпЗ,,┘Б╪▒╪м
beaners,,ржмрж╛рж░рзЛржнрж╛рждрж╛рж░рж┐,рдЦреЛреЗрддреЗ рджреА рд▓реБрдЖрдж,ркнрлЛркВрк╕ркорк╛рк░рлАркирлЛ,рд╣рд┐рдЬрд░рд╛,р▓▓р│Бр▓Ър│Нр▓Ъ,,р┤кр╡Бр┤░р╡Бр┤╖ р┤╡р╡Жр┤Яр┤┐,ъпНъпйъпКъпиъпЦъпеъпО,рдЖрдИрдЭрд╡рд╛рдбреНрдпрд╛,рдЪреЛрдЯреНрдЯрд╛,,римри╣ри┐рии рижрйА рилрйБрижрйА,роЙроЩрпНроХрпКрокрпНрокройрпН,,╪и┌╛╪з╪ж┌Ж┘И╪п
beaver cleaver,рж▓рж╛ржУрз░рж╛,ржкрзЛржБржжржорж╛рж░рж╛ржирзА,рд╕рд╛рд▓реА рджреЗрдЖ,ркЧрлЗрк│ркШрк╛ркШрк░рлАркирк╛,рдЬрд╛рдирд╡рд░,р▓▓р▓лр▓Вр▓Ч,рднрдпрдгрд┐рдХ рдЭреЛрд╡рдгреНрдпрд╛,р┤╢р╡Бр┤Хр╡Нр┤▓р┤В р┤жр╡Ар┤ир┤┐,ъпНъпйъпКъпиъпЦъпжъпЯ,рдЖрдпрдЭрд╡рд╛рдбреНрдпрд╛,рдЪреБрдбреЗрд▓реНрдиреА,,риЧри╕ри╝ридрйА рижри╛ рикрйБридри░,рокрпКроЯрпНроЯроХрпНроХрпВродро┐,,┌Ж┘И╪п█М┌║
beaver lips,ржорж╛рз░рз░ ржмрзБржЫ,рж╢рзБржпрж╝рж░рзЗрж░ ржмрж╛ржЪрзНржЪрж╛,рд╕рд╛рд▓реЗ рджреЗрдЖ,ркЪрлБркдркб,рдХреБрддреНрддрд╛,р▓ор│Бр▓Вр▓бр│Жр▓Чр▓Вр▓б,рдмреЗрд╡рд╛рд░реНрд╖реА,р┤др┤│р╡Нр┤│р┤пр╡Лр┤│р┤┐,ъпНъпйъпКъпиъпФъпй,рдЖрдИрдШрд╛рд▓реНрдпрд╛,рдЪреБрдордЪреБрдо рд╣реБрдиреБ/рднрдпреЛ,,риХрй░риЬри░рйА,рокрпЛроЯрпНроЯ рокро╛роЯрпБ,,┘╛┌╛╪п█М
beastiality,ржорж╛ржХ ржЪрзБржжрж╛ржЗ,рж╕рзБржжрзВрж░ржЗ,рдорд╛рдВрдЗрдпрд╛рд╡рд╛,ркнрлЛркВрк╕ркорк╛рк░рлАркирк╛,рдХреБрддреНрддрд┐рдпрд╛,р▓мр▓бр│Нр▓бр▓┐р▓ор▓Ч,,р┤др╡Ар┤Яр╡Нр┤Яр┤ор╡Лр┤▒р┤╛р╡╗,ъпНъпйъпКъпиъпФъпд,рдЖрдпрдШрд╛рд▓реНрдпрд╛,рдЪреБрддрд┐рдпрд╛,,риЦрйЛриЯри╛,рокро┐рогрпНроЯ роХро▓рокрпНрокрпИ,,┘Е╪з┌Ж┘И╪п
bestiality,ржорж╛ржХржЪрзБржжрж╛ржЗ,ржорж╛ рж╕рзБржжрж╛,рд░рдВрдбреА,ркЧрлЗрк▓рклрк╛ркбрлАркирк╛,рдЦреЛрддрд╛,р▓ор│Бр▓Вр▓бр│Жр▓ор▓Ч,рднреЛрдХрд╛рди рдмреЙрдЯ,р┤др╡Зр┤╡р┤Яр┤┐р┤Ър╡Нр┤Ър┤┐,ъпНъпдъпбъпЖъпеъпХъпе,рднреЗрдиреНрдЪреЛрдж,рджрд▓рд╛рд▓,,риЦрйЛриЯрйА,роЪрокрпНрокрпБ,,╪о╪│┌С╪з
big black,ржнрзВржорж┐ржЦржи,ржлрзБржЯржХрж┐,рд░рдВрдбреА рджрд╛ рдпрд╛рд░,рк░ркВркбрлАркмрк╛ркЬ,рдЦреЛрддреЗ рдХреА рдФрд▓рд╛рдж,р▓мр▓Ьр▓╛р▓░р▓┐,рдЪреЗрдбреА,р┤╡р╡Жр┤кр╡Нр┤кр┤╛р┤Яр╡Нр┤Яр┤┐,ъпНъпдъпбъпЖъпеъпХъпд,рднрд┐рдХрд╛рд░рдЪреЛрдЯ,рдбрдЩреНрдХрд┐рдиреА,,римрйАримрйА рижрйА рилрйБрй▒рижрйА,рокрпБрогрпНроЯро╛рооро╡ройрпН,,╪н╪▒╪з┘Е╪▓╪з╪п
big breasts,ржнрзВржорж┐,ржврзНржпрж╛ржоржирж╛,рдЦреБрд╕рд░рд╛,,рдХреБрддреНрддреЗ рдХреА рдЬрд╛рдЯ,р▓мр│Лр▓│р▓┐р▓ор▓Ч,рдЪреЗрдбреАрдЪреНрдпрд╛ рдЭреЛрд╡рдгреНрдпрд╛,р┤Хр┤░р┤┐р┤ор╡Нр┤кр┤┐,ъпНъпгъпвъпФъпгъпб,рдЪреБрддрдорд╛рд░рд┐рдЪреНрдпрд╛,рдбрдиреНрдард╛рдорд╛ рдкрд╛рдиреА рдЪрдвреЗрдХреЛ,,римрйЗримрйЗ рижрйА рилрйБрй▒рижрйА,роХрпБроорпНрооро╛ро│,,╪и╪║█М╪▒╪к
big knockers,ржорж╛ржХржЫрж╛ржЗ,ржорж╛ рж╣рждрзНрждрж╛,рд▓рд▓реНрд▓реВ,,рдирд╛рдЬрд╛рдпрдЬрд╝,р▓╣р▓▓р│Нр▓Хр▓╛,,р┤др╡Вр┤▒р┤┐,ъпНъпгъпвъпФъпгъпб ъпВъпеъпХ,рдЭрд╡рд╛рдбреНрдпрд╛,рдврд╛рдХреНрд░реЗ,,риорйЛри╕рйА рижрйА рилрйБрй▒рижрйА,роЪрпВродрпЖро▒ро┐роЪрпНроЪро▓рпН,,┌й┌╛┌Ж┌С╪з
big tits,ржорзБржорзБ,ржЪрзБржжрзА,рдШреВрд╕реНрд╕рд╛,,рдирд╛рдЬрд╛рдпрдЬрд╝ рдкреИрджрд╛рдЗрд╢,р▓Хр▓Ър▓бр▓╛,,р┤кр╡Вр┤▒р┤┐ р┤ор╡Лр╡╛,ъпНъпгъпвъпФъпгъпб ъпВъпеъпХъпе,рд░рд╛рдВрдбреЗрдЪреНрдпрд╛,рдзреЛрдХреНрд░реНрдпрд╛рдЙрдиреБ,,ридрйЗри░ри╛ рилрйБрилриж,роТроорпНрооро╛ро▓,,╪и█Б┘Ж ┌й█М ┌Ж┘И╪к
bimbos,ржирж╛ржЧрз░рзА ржкрзБрждрзЗржХ,ржмрзБржирж┐,рдЪрдХреНрдХрд╛,,рд╕рд╛рд▓рд╛ рдХреБрддреНрддрд╛,р▓др│Бр▓Хр▓╛р▓▓р▓┐,,р┤кр╡Кр┤▓р┤пр┤╛р┤Яр┤┐ р┤ор╡Лр┤ир╡З,ъпНъпгъпвъпФъпгъпб ъпГъпЖъпе,рдлреЛрдХрдиреАрдЪреНрдпрд╛,рдзреЛрддреА,,ридрйЗри░ри╛ рикрипрйЛ,рокро╛роЯрпБ,,┘Е╪з┌║ ┌й█М ┌Ж┘И╪к
birdlock,ржирж▓рзАржпрж╝рж╛,ржлрзБржи,рдЪрдХреНрдХреА,,рд╕рд╛рд▓реА рдХреБрдЯреНрдЯреА,р▓╣р▓бр▓мр│Ж,рдлреЛрджреЛ,р┤ир╡А р┤кр╡Лр┤Яр┤╛ р┤ор╡Ир┤░р┤╛,ъпНъпгъпвъпФъпгъпбъпЦъпеъпО,рдлреЛрджрд░реАрдЪреНрдпрд╛,рдзреБрдкреМрд░реЗ,,рилрйИриб ри▓рйЗ,роЪро╡роорпЗ,,╪и█М┘╣█М ┌Ж┘И╪п
bitch,ржкрзЗрж▓ ржЪрзЛрж╣рж╛,ржЦрж╛ржиржХрж┐рж░ ржЫрзЗрж▓рзЗ,рдЧрдмреНрднрди,,рд╕реВрд╡рд░,р▓╣р▓╛р▓жр▓░р▓Чр▓┐р▓др│Нр▓др▓┐,,р┤ир╡А р┤кр╡Лр┤пр┤┐ р┤Кр┤ор╡Нр┤кр╡Н р┤ор╡Ир┤░,ъпНъпгъпГъпг,рддреБрдЭреНрдпрд╛ рдЖрдИрдЪреА рдЧрд╛рдВрдб,рджреБрдз рдорд╛рдбреНрдиреБ/ рдорд╛рдбреН/ рдорд╛рдбреНрдпреЛ,,рилрйИриб ри▓рйЗ ри▓рй░риб,рокрпКро░рпБроХрпНроХро┐,,┌й┘Е╪и╪о╪к
bitches,ржкржХрз░ ржЪрзЗрж▓рзЗржХрж╛,рж╣рж╛рж░рж╛ржоржЬрж╛ржжрж┐,рдХреБрддреНрддреЗ рджрд╛ рдЯрдЯреНрдЯрд╛,,рдЯрдЯреНрдЯреА,р▓╕р│Вр▓│р│Жр▓ор▓Ч,рдЧрд╛рдг,р┤Хр┤▒ р┤╡р╡Жр┤Яр┤┐,ъпНъпиъпв,рддреБрдЭреА рдЖрдИ рдЭрд╡рд▓реА,рдлрдЯрд╛рд╣рд╛,,риХрйБрй▒риЯрйА,рокройрпНройро╛роЯ,,┌Ж┘И╪к ┘Е╪з╪▒█М ┌й╪з
black cock,рз░рзЗржирзНржжрзА,ржЪрзЛржжрж╛ ржЪрзЛржжрж┐,рдЯреВтАЩрдЖ,,рдмрд╣рди рдЪреЛрдж,р▓▓р│Мр▓бр▓┐,рдЧрд╛рдгреАрди рдмреЙрдЯ рдШрд╛рд▓,р┤Хр┤░р┤┐р┤Щр╡Нр┤Хр╡Бр┤гр╡Нр┤гр┤╛,ъпНъпиъпвъпКъпи,рдЖрдИ рдШрд╛рддрд▓реА,рдлреБрд╕реА рдЦрд╛,,риХрйБрй▒ридри╛,рокрпБрогрпНрогро╛роХрпНроХрпБ,,╪и┘И╪и█Т
blonde action,ржжрж╛рж▓рж╛рж▓,ржмрж╛рж▓,рдЦреВрд╕рд░реА,,рдмрд╣рди рдХреЗ рд▓реМрдбрд╝реЗ,р▓╣р▓▓р▓╛р▓▓р│Нр▓Цр│Лр▓░,,р┤Хр┤░р┤┐р┤ор╡Нр┤кр╡Вр┤▒р┤╛,ъпНъпиъпвъпКъпи ъпВъпеъпХ,рддреЛрдВрдбрд╛рдд рдШреЗ,рдлреНрдпрд╛рд▓реА,,римрйБрй░риб риори╛ри░ри╛,роорогрпНрогро╛роЩрпНроХроЯрпНроЯро┐,,╪м┌╛╪з┘Ж┘╣┘И
blonde on blonde action,ржЪрзБржжрж╛,ржмрж┐ржБржЪрж┐,рдЙрд▓реНрд▓реВ рджреА рдкрдЯреНрдареА,,рдмрд╣рди рдХреЗ рдЯрдХреЗ,р▓Чр▓ор▓╛р▓░,,р┤Хр┤Яр╡Нр┤Я р┤др┤╛р┤пр╡Лр┤│р┤┐,ъпНъпиъпвъпКъпи ъпВъпеъпХъпе,рдЪреЛрдЦ рдорд╛рдЭрд╛ рд▓рд╡рдбрд╛,рдлреНрдпрд╛рд▓реА рдХреЗрдЯреА,,римрйБрй░риб ридрйЗ ри▓рйИрии,роКродро╛ро░ро┐,,╪и╪п╪и╪о╪к
blowjob,ржЪрзБржжрзА,ржХрзБрждрзНрждрж╛ ржЪрзЛржжрж╛,рдирдЦрд╕рдореА,,рдмреЗрдЯреА рдЪреЛрдж,р▓бр▓Чр▓╛р▓░р│Н,,р┤Хр╡Бр┤гр╡Нр┤Яр┤▒р╡Лр┤│р┤┐ р┤кр╡Вр┤▒р┤┐ р┤ор╡Лр┤ир╡Ж,ъпНъпиъпвъпКъпиъпЦъпеъпО,рдЧрд╛рдВрдб рдорд╛рд░рдгреЗ,рдЧрдиреНрдзреЗ,,римрй░риб ри╡ри┐риЪ,роиро╛родро╛ро░ро┐,,┘Е╪▒╪п┘И╪п
blow job,ржЪрзБржжрзБрз░рзНржнрж╛ржЗ,ржмрж╛рж▓ ржЫрзЗржБрзЬ,рдЦреЛрддреЗ рджрд╛ рдкреБрддреНрддрд░,,рднрд╛рдИ рдЪреЛрдж,р▓жр│Жр▓Вр▓Чр│Б,,р┤Хр╡Бр┤гр╡Нр┤Яр┤┐ р┤ор╡Лр╡╗,ъпНъпиъпФъпеъпЯъпХъпе,рдвреБрдВрдЧрдг,рдЧрд╛рдБрдбреБ,,риори╛рипрйЛ ри╡рйАриЖ,роХро╕рпНрооро╛ро▓роорпН,,┘Ж╪з ┘Д╪з╪ж┘В
blow your load,ржЪрзБржжрзБрз░,ржмрж╛рж▓ ржЫрж┐ржБрзЬрзЗ рждрж╛рж▓ ржкрж╛ржХрж╛,рддреЗрд░реА рднреИрди рджреА,,рднреИрдВрд╕ рдХреА рдФрд▓рд╛рдж,р▓Хр▓Хр│Нр▓Х,,р┤Хр╡Бр┤гр╡Нр┤Яр┤┐ р┤ор╡Лр╡╛,ъпНъпиъпФъпеъпЯъпХъпд,рдбреБрдХреНрдХрд░,рдШрдиреНрдЯрд╛,,риори╛рипрйЛри╡рйАриЖ,рооро╛ройроЩрпНроХрпЖроЯрпНроЯро╡ройрпН,,╪м┌╛╪з┘Ж┘╣ ┌й╪з ╪и╪з┘Д
blue waffle,ржЫрзЗржЯрз░ ржорзИрж▓рж╛,ржмрж╛рж▓ ржЫрж╛рж▓,рдХрдмреНрд╣реИрд╕реНрддреА рдХреБрд╕реИ рдкрд╛рд╕реЗ рджреА,,рдЭрд▓реНрд▓рд╛,р▓▓р│Мр▓бр│Ж,рд░рд╛рдВрдбреЗ рдкреВрдд,р┤др┤╛р┤ор┤░ р┤Хр╡Бр┤гр╡Нр┤гр┤╛,ъпПъпФъпгъпв ъпВъпеъпХ,рдЫрдорд┐рдпрд╛,рдШрд┐рдЪреНрдиреБ,,риХрйБрй▒риХрйЬ,роЕро▒ро┐ро╡рпБроХрпЖроЯрпНроЯро╡ройрпН,,┌Ж┘И╪к█М╪з
blumpkin,рждрзЛржорж╛ржХ ржЪрзБржжрж┐ржм ржоржи ржЧрзИржЫрзЗ,ржЧрж╛ржБрзЬ ржорж╛рж░рж╛,рдХрдмреЗрд╣реИрд╕реНрддрд╛,,рдлрд╛рдЧрдЧреЛрдЯ,р▓ир▓╛р▓ор▓░р│Нр▓ж,рддреБрдЧреЗрд▓реЗ рдЧрд╛рдгреАрди,р┤др┤╛р┤ор┤░ р┤кр╡Вр┤▒р╡Н,ъпПъпФъпгъпв ъпВъпеъпХъпе,рдЪреНрдпрд╛рдпрд▓рд╛,рдШрд┐рдЪреБрд╡рд╛,,ри░ригрйЗ,роХро┤ро┐роЪроЯрпИ,,╪м┌╛╪з┘Ж┘╣
bollocks,рждрзЛрз░ ржорж╛ржХ ржЪрзБржжрзБ,ржмрж╛рж▓ ржЪрзЛржжрж╛,рдЧрд╛рдВрдб,,рдЭрд╛рдВрдЯ рдХреЗ рдмрд╛рд▓,р▓╣р▓Вр▓жр▓┐,,р┤кр╡Кр┤▓р┤пр┤╛р┤Яр┤┐,ъпПъпФъпгъпв ъпГъпеъпЯъпХъпе,рдорд╛рдпрд▓рд╛,рдЧреЛрдХреНрддреЗ,,риорйБрие,рокрпАроЯ,,╪и┌С
bondage,рждрзЛрз░ ржорж╛рз░ржХ рз░рж╛рж╕рзНрждрж╛ржд ржХрзБржХрзБрз░ рж▓ржЧрж╛ржЗ,ржЧрж╛ржирзНржбрзБ ржЪрзЛржжрж╛,рддреЗрд░реА рднреИрди рджреА рдЧрд╛рдВрдб,,рдЭрд╛рдВрдЯ рдХреЗ рдкрд┐рд╕реНрд╕реВ,р▓Хр▓Вр▓др│Нр▓░р▓┐р▓ир▓╛р▓пр▓┐,,р┤кр╡Бр┤гр╡Нр┤Яр┤╛р┤Ър╡Нр┤Ър┤┐р┤ор╡Лр╡╗,ъпПъпФъпгъпв,рдХреБрддреНрд░реНрдпрд╛,рдЧреЛрд░реВ рд╕рд╛рд▓рд╛,,ри▓рйВри▓,роТроорпНрокрпЛродрпБ,,╪и┌╛┌С┘И╪з
boner,ржорж╛ржВржорж╛рз░ржгрж┐,ржЭрж╛ржБржЯрзЗрж░ ржмрж╛рж▓,рддреЗрд░реА рдорд╛рдВ рджреА рдЧрд╛рдВрдб,,рдХреБрддреНрддреЗ рдХрд╛ рдФрд▓рд╛рдж,р▓╣р│Бр▓Ър│Нр▓Ър│Бр▓ир▓╛р▓пр▓┐,рд╢реЕрдЯ,,ъпАъпеъпВъпдъпГъпиъпКъпд,рд╕рд╛рд▓реНрдпрд╛,рдЧреБрд╣реБ рдЦрд╛рдиреЗ,,ри▓рй░риб,роТроХрпНроХро╛ро│ро┐,,╪и┌╛┘И╪│┌С╪з
boob,ржлрж╛рж▓рж┐ржжрж┐ржо,ржЭрж╛ржБржЯ ржЬрж▓рж╛,рддреЗрд░реА рднреИрди рджреА рдмреБрдВрдб,,рдХреБрддреНрддреЗ рдХреЗ рдЯрдЯреНрдЯреЗ,р▓ир▓╛р▓пр▓┐,рдЭреЗрдВрдЧреЗ,р┤Хр╡Бр┤гр╡Нр┤г,ъпАъпеъпБъпи ъпЕъпаъпЗъпж,рд╕реБрдХреНрдХреНрдпрд╛,рдЧреБрд▓рд╛,,риори╛риВ рижри╛ ри▓рй░риб,рокрпЗрооро╛ройро┐,,╪и┌╛┘И╪│┌С█М ┌й╪з
boobs,ржпрзМржирждрж╛,ржЭрж╛ржБржЯ,рддреЗрд░реА рдорд╛рдВ рджреА рдмреБрдВрдб,,рдорд╛рдзрд░ рдЪреЛрдж,р▓░р▓╛р▓╕р│Нр▓Хр▓▓р│Н,,р┤кр╡Вр┤▒р╡Н,ъпАъпБъпиъпХъпе,рдареЛрд▓реНрдпрд╛,рдЧреБрд▓рд╛ рдЦрд╛,,ридрйЗри░рйА риори╛риВ рижрйА,роорпБрогрпНроЯрпИ,,╪и█М█Б┘И╪п█Б
booty call,ржЪрзЗржХрзНрж╕рж┐,ржирзБржЩрзНржХрзБ,,,рдкрджреНрдорд╛,р▓▓р│Лр▓лр▓░р│Н,,,ъпАъпБъпиъпХъпд,рдЪреБрддреАрдпрд╛,рдЧреБрдгреНрдбрд╛,,риори╛риВ рижрйА ри▓ри╛риЙрибрйА,рокрпКроЪроХрпЗроЯрпНроЯро╡ройрпН,,╪и╪п ╪к┘Е█М╪▓
brown showers,ржорзБржгрзНржбрж┐ржд ржЪрзБржЯ,ржмрзЛржХржЪрзЛржж,,,рд░рд╛рдВрдб рдХрд╛ рдЬрдорд╛рдИ,р▓мр│Зр▓╡р▓░р│Нр▓╕р▓┐,,,ъпАъпБъпиъпХъпд ъпГъпЖъпе,рд╣рд░рд╛рдордЦреЛрд░,рдЧреБрд░реБрдЩ рднреЗрдБрдбрд╛,,римрйЗримрйЗ рижрйА ри▓ри╛риЙрибрйА,роЙро╕рпНро╕рпБ,,╪и█Т┌й╪з╪▒
brunette action,,ржврзНржпрж╛ржоржирж╛ ржЪрзЛржжрж╛,,,рд░рдВрдзрд╡рд╛,р▓мр▓┐р▓Хр▓ир▓╛р▓╕р▓┐,,,ъпИъпгъпЭъпЦъпеъпОъпХъпд,рдордВрдж,рд╣рд░рд╛рдореА,,риори╛риВ рижри╛ ри▓ри╛риЙрибри╛,роЕро▓ро┐,,┌Ж┌╛┌й┘С╪з
bukkake,ржмрж┐ржбрж┐ржПржЫржПржо,ржЧрж╛ржБрзЬржорж╛рж░рж╛ржирж┐,,,рд░рдВрдбрд╡рд╛,р▓жр▓░р│Нр▓мр│Зр▓╕р▓┐,,,ъпАъпгъпЫъпЖъпеъпЫ,рдлреЛрдкрд╢реНрдпрд╛,рд╣рд░рд┐рд▓рдЯреНрдардХ,,римрйЗримрйЗ рижри╛ ри▓ри╛риЙрижри╛,роХрпВро░рпБроХрпЗроЯрпНроЯро╡ройрпН,,╪и█Т┘И┘В┘И┘Б
bulldyke,рж╕рзНрждржи,ржЖржмрж▓ржжрж╛,,,рд░рдВрдбреА,р▓др▓┐р▓░р│Бр▓мр│Лр▓Хр▓┐,,,ъпАъпгъпЫъпЗъпеъпб,рдЬрд╛рдбреНрдпрд╛,рд╣рд┐рдЬрдбрд╛,,ридрйЗри░ри╛ рикрипрйЛ,роироХрпНроХро┐,,╪и█Т╪║█М╪▒╪к
bullet vibe,ржмрзНрз░рж╛,ржЖржмрж╛рж▓,,,рд░реБрдВрдбреА рдХрд╛ рдмрдЪрд╛,р▓Ер▓бр│Нр▓Хр▓╕р│Нр▓мр▓┐,,,ъпВъпЭъпЖъпа ъпЕъпеъпвъпЧъпХъпд,рдЭрдВрдбреВ,рд╣реБрддрд┐рд╣рд╛рд░рд╛,,рилрйБрй▒рижрйВ,роироХрпНроХрпБ,,┘Д┘И┌С█Т ┌й╪з ╪и╪з┘Д
bullshit,рж╣рзБржХрж╛рз░,рж╢рж╛рж▓рж╛,,,рд░реБрдВрдбреА рдХреА рдмрдЪреА,р▓Ер▓Вр▓бр│Б,,,ъпВъпЭъпЦъпе ъпБъпФъпе,рдШрдВрдЯреНрдпрд╛,рдЬрд╛рд▓реА,,ри╕ри╛ри▓ри┐риЖ,родрпЖро╡рпБроЯро┐ропро╛ рооро╡ройрпН,,┘Е╪з╪п╪▒ ╪м╪з╪к
bung hole,ржЧрз░ржо ржкрзЛрз▒рж╛рж▓рзА,,,,рд╕реБрд╡реЗрд░ рдХреЗ рдмрдЪреНрдЪреЗ,р▓мр▓┐р▓др│Нр▓░р▓┐,,,ъпВъпЭъпБъпе,рдкрд╛рдВрдЧрд│реНрдпрд╛,рдЬрд╛рдорд╛ рд▓рд╛рдЙрдиреЗ,,ри╕ри╛ри▓ри┐риЖ рилрйБрй▒рижрйВ,роорпБроЯрпНроЯро╛роХрпНроХрпВродро┐,,╪▒┘Ж┌И█М ┌й╪з ╪м┘Ж╪з
bunghole,ржорж╛ржжрж╛рз░ ржлрж╛ржХрж╛рз░,ржмрж╛ржмрж╛ржЪрзЛржжрж╛ рж░рзЗржирзНржбрж┐,,,рдЙрд▓реНрд▓реВ рдХреЗ рдкрд╛рддреЗ,р▓Ър▓кр│Нр▓кр▓░р│Н,,,ъпВъпЛъпеъпП ъпАъпгъпЫ,рддреБрдЭреНрдпрд╛ рдЖрдИрдЪрдВ рдмреЗрди,рдЬрд╛рдБрдард╛/ рдЬрд╛рдБрдареЛ/рдЬрд╛рдБрдареА,,ри╣ри░ри╛риорйА,родрпВроородрпНродрпЖро╡рпБроЯро┐ропро╛,,█Б╪з╪к┌╛█М ┌й█М ┌п╪з┘Ж┌И
busty,ржирж┐ржоржлрзЛржорзЗржирж┐ржпрж╝рж╛,,,,рдмрдЪрдХрд░ рдЫреЛрдбрд╝реВ,р▓Ър│Вр▓▓р│Н,,,ъпВъпЛъпеъпв ъпГъпЖъпе,рддреБрдЭреНрдпрд╛ рдЖрдЗрдЪрдВ рдмреЗрди,рдЭреНрдпрд╛рдБрдХреНрдиреЗ,,риЪрйБриЯрйАриП,роОро░рпБроо рооро╛роЯрпБ,,┌п╪з┘Ж┌И ┌й╪з ┘╛█М╪п╪з
butt,,ржмрж╛ржБрзЬрж╛,,,рднрд╛рдВрдб рдЦреЛ,р▓Ер▓Вр▓бр│Жр▓кр▓┐р▓░р│Нр▓Хр▓┐,,,ъпВъпзъпФъпе,рд╣рд╛рдЧрд▒реНрдпрд╛,рдЬрд┐рд▓рд┐рдЧрд╛рдиреНрдЯреЗ,,риЪрйВриЯ,родрпЖро░рпБ роиро╛ропро┐,,█Б╪▒╪з┘Е█М ┌й╪з ┘╛█М╪п╪з
buttcheeks,ржиржЩржарж╛,,,,рднрдБрдбрд╝рд╡реЗ рдХреА рдФрд▓рд╛рдж,р▓кр│Кр▓░р│Нр▓Хр▓┐,,,ъпВъпиъпИъпеъпЫ,рдореБрддрд▒реНрдпрд╛,рдЬреЛрдЗрдЯрд┐рдЩреНрдЧреНрд░реЗ,,риЧрй░рибрйВ,роЪрпКро▒ро┐ роиро╛ропро┐,,╪п█М┘И╪з┘Ж█М ┌Ж┘И╪к
butthole,ржкрзЗржбрзЛржлрж┐рж▓,,,,рднреЛрд╕рдб рдЪреЛрдж,р▓░р▓Вр▓бр▓┐р▓Хр│Ж,,,ъпГъпеъпвъпХъпк,рд▓рд╛рдВрдбреНрдпрд╛,рдЬреЛрддреБрд╡рд╛,,риирй░риЧ,роиро╛роХрпНроХрпБ рокрпЛроЯрпБ,,╪и┌╛┘И╪к┘Ж█М ┌й╪з ┌Ж┘И╪п╪з
camel toe,ржкрзЗржбрзЛржлрж┐рж▓,,,,рдмрдВрдЪреЛрдж,р▓╕р▓╛р▓ор▓╛р▓ир│Б,,,ъпГъпеъпвъпХъпкъпЦъпеъпО,рдмреЛрдЪреНрдпрд╛,рдХрд╛рд▓реА рдХрд▓реНрдЪреБрдБрдбреА,,риЪрйБриЪрйА,роХрпИ роЕроЯро┐,,╪▒┘Ж┌И█М
camgirl,ржлрзЛржи ржпрзМржирждрж╛,,,,рдмреБрд░ рдХреА рдЪрд╛рдЯрдиреА,р▓мр│Ар▓Ь,,,ъпГъпеъпвъпДъпк,рд╣рд░рд╛рдореА,рдХрд╛рд▓реЛ рдЖрдиреНрджреНрд░реЗ,,римрйВримри╛,,,╪▒┘Ж┌И█М╪з
camslut,ржкрз░рзНржгржЧрзНрз░рж╛ржлрзА,,,,рдХрдВрддрдорд╛рдорд╛,р▓др▓┐р▓Х р▓Хр│Кр▓мр│Нр▓мр│Б,,,ъпГъпФъпеъпв,рд▓реБрд│реНрдпрд╛,рдХрд╛рдордЪреЛрд░,,римрйЛримри╛,роХро░рпБрооро╛роирпНродро┐ро░роорпН,,╪▒╪з┘Ж┌И
camwhore,"ржмрж╛рж╖рзНржЯрж╛рз░рзНржб,",,,,рдЫрд┐рдкрдХрд▓реА рдХреЗ рдЫреВрдЯ рдХреЗ рдкрд╕реАрдиреЗ,р▓др▓┐р▓Х р▓ор│Бр▓Ър│Нр▓Ър│Б,,,ъпГъпМъпе ъпАъпеъпЫъпДъпд,рднреЛрд╕рдбреАрдЪреНрдпрд╛,рдХрд╛рдореА рдбрд╛рдЩреНрдЧреНрд░рд╛,,риЪрй▒риХрйА,рокрпКроЯрпНроЯ,,┌Ж┘И╪к ┌й╪з ┘╛█М╪з╪│╪з
carpet muncher,ржХрзБржХрзБрз░,ржЪрзБржд,,,рдЫрд┐рдкрдХрд▓реА рдХреЗ рдЧрд╛рдВрдб рдХреЗ рдкрд╕реАрдиреЗ,р▓др▓░р▓бр│Б,,,ъпГъпМъпеъпб ъпАъпЛъпеъпЫ,рдЖрдп рдорд╛рдп рдЭрд╡рд▓реА,рдХрдмрд╛рдбреА,,риирй░риирйВ,рокрпКроЯрпНроЯ рокро╛роЯрпБ,,╪и┌С ┌Ж┘╣┘С╪з
carpetmuncher,ржкрзЗржгрзНржЯрж┐ ржЪрзЗрж▓рзЗржХрж╛,,,,рдЫрд┐рдкрдХрд▓реА рдХреЗ рдЭрд╛рдВрдЯ рдХреЗ рдмрд╛рд▓,р▓др▓┐р▓Х р▓Чр▓╛р▓Вр▓Ър▓╛р▓▓р▓┐,,,ъпГъпМъпеъпб ъпВъпиъпИъпеъпЫ,рдореБрдареНрдорд╛рд░реАрдЪреНрдпрд╛,рдХрдиреНрдбреЛ рд╣рд╛рдиреНрдиреЗ,,рибрй▒ри▓ри╛,,,╪▒╪з┘Ж┌И ┌й█М ╪з┘И┘Д╪з╪п
chocolate rosebuds,,,,,рдЪрд┐рдкреНрдкрдХрд╛рд▓реА рдХреЗ рдЭрд╛рдВрдЯ рдХреЗ рдкрд╕реАрдиреЗ,р▓мр▓бр│Нр▓бр▓┐р▓╣р│Ир▓ж,,,ъпГъпМъпеъпб ъпГъпКъпд,рдпреЗрдбреНрдпрд╛ рдмреЛрдбреНрдпрд╛рдЪрд╛,рдХрдиреНрдбреЛ,,ризри╛ри▓ри╛,,,█Б╪м┌С╪з
cialis,,,,,рдЫреЛрдбреЗрд▓рд╛,р▓др▓▓р│Жр▓╣р▓┐р▓бр│Нр▓Х,,,ъпГъпМъпеъпб ъпКъпиъпМъпеъпб,рдмрд╛рдпрд▓реНрдпрд╛,рдХрдиреНрдбреЛрдХреЛ рджреБрд▓реЛ,,риорйИ рижри╛ рипри╛ри░,,,┌Ж┘И╪к ┘Е╪з╪▒█М ┌й╪з
circlejerk,,,,,рдЫреЛрдбрд╝реВ рднрдЧрдд,р▓др▓▓р│Жр▓╣р▓┐р▓бр▓┐,,,ъпГъпМъпеъпбъпЗъпй,рд╣рд┐рдЬрдбреНрдпрд╛,рдХрдиреНрдбреЛрдХреЛ рджреБрд▓реЛ,,ринрйИрии рижри╛ рипри╛ри░,,,┌Ж┘И╪п┘И
cleveland steamer,,,,,рдЫреЛрд▓рд╛ рдлреБрджрдХрдирд╛,р▓др▓┐р▓Х р▓Йр▓░р▓┐,,,ъпГъпжъпИъпФъпе,рдлреЛрджрд▒реНрдпрд╛,рдЦрд╛рддреЗ,,ринрйЛри╕ри╛,,,┌Ж┘И╪п█М ┌й╪з
clit,,ржЧрзБржжржорж╛рж░рж╛ржирж┐,,,рдЪреБрджрди рдЪреБрджрд╛рдИ,р▓ор│Бр▓Вр▓бр│Жр▓ор▓Ч,,,ъпГъпдъпЕъпеъпв,рд░рддрд╛рд│реНрдпрд╛,рдЦрд┐рдЪреНрдЪрд╛,,ри▓рйЛрибрйВ,,,┌Ж┌╛┘Ж╪з╪▒
clitoris,,рж▓рзНржпрж╛ржУржбрж╝рж╛ржЪрзЛржжрж╛,,,рдЪреБрджрд╛рдИ рдЦрд╛рдирд╛,р▓╣р│Жр▓гр│Нр▓гр▓┐р▓Ч,,,ъпГъпдъпЕъпеъпв ъпВъпеъпХ,рдЪрдХрдгреНрдпрд╛,рдЦреБрд▓рд┐рддреНрдд рдЦреБрд▓реНрдХрд╛рдЗрд╕реН,,,,,┌п╪з┘Ж┌С ┌й╪з ╪з┘Ж╪п┌╛╪з
clover clamps,,,,,рдЪреБрдиреНрдиреА,р▓Цр▓жр│Ар▓о,,,ъпГъпдъпЕъпеъпв ъпВъпеъпХъпе,рднрд┐рдХрд╛рд▒реНрдпрд╛,рдХреЛрджреЗ,,,,,╪и┌╛┌С┘И╪з
clusterfuck,,,,,рдЪреВрдд рдХрд╛ рдмрд╛рд▓,р▓нр▓бр▓╡р▓╛,,,ъпГъпдъпЕъпеъпв ъпГъпЖъпе,рдереЛрдмрд╛рдбрд╡рд╛рд╢реНрдпрд╛,рдХреБрдХреБрд░ рд╕рд╛рд▓рд╛,,,,,┘Е╪к╪з╪▒█М ┌й█М ┌Ж┘И╪к
cock,,ржЦрж╛ржиржХрж┐,,,рдЪреВрдд рдХреЗ рднреВрдд,р▓др▓╛р▓пр│Нр▓Чр▓Вр▓б,,,ъпГъпдъпЕъпеъпвъпПъпДъпиъпФ,рдереЛрдмрд╛рдбреНрдпрд╛,рдХреБрдХреБрд░рд░реНрдиреА,,,,,╪и╪з┘И┘Д█М ┌п╪з┘Ж┌С
cocks,,ржорж╛ржЧрзА,,,рдЪреВрдд рдХреЗ рдврдХреНрдХрди,р▓╢р▓┐р▓Цр▓Вр▓бр▓┐,,,ъпГъпдъпКъпдъпХъпгъпЕъпТ ъпГъпдъпЗъпЭъпХъпеъпЬ,рдЪрд╛рдЯреВ,рдХреБрд░реНрдХреБрд░реЗ рдЪрд┐рд▓рд╛рдЙрдиреБ,,,,,╪и┘И┌й╪з ┌Ж┘И╪п╪з
coprolagnia,,ржХрзНржпрж╛рж▓рж╛ржирзЗржЪрзЛржжрж╛,,,рдЪреВрдд рдорд░реА рдХреЗ,р▓Ър▓Хр│Нр▓Хр▓╛,,,ъпГъпдъпКъпи,рдЭрд╛рдЯреВ,рд▓рд╛рдбреЛ рдЪреБрд╕реН,,,,,╪и┌й╪▒ ┌Ж┘И╪п
coprophilia,,,,,рдЪреВрдд рдорд╛рд░рдиреА рдХрд╛,р▓╣р▓┐р▓Ьр│Нр▓бр▓╛,,,ъпГъпиъпКъпд,рдЭрдорди,рд▓рд╛рдбреЛрдХреЛ рднреБрддреНрд▓рд╛,,,,,┘Е╪▒╪║█М ┌Ж┘И╪п
cornhole,,,,,рдЪреВрдд рдХреЗ рдкрд╕реАрдиреЗ рдореЗрдВ рддрд▓реЗ рд╣реБрдП рднрдЬрд┐рдпреЗ,р▓Хр▓др│Нр▓др│Жр▓ор│Бр▓Вр▓бр│Ж,,,ъпЕъпГъпеъпвъпГъпАъпгъпЫ,рдЪрдорди,рд▓рд╛рдбреЛ,,,,,╪м┌╛┘Ж┘╣ ┌й╪и╪з┌С┘И
coon,,,,,рдЪреБрдк рдХреЗ рдЪреВрдд рд╣реИ,р▓ир▓╛р▓╕р│Нр▓░р▓Вр▓бр│Ж,,,ъпЕъпГъпеъпвъпГъпа,рднрд╛рдбреНрдпрд╛,рд▓рд╛рдбреЛ рдЪреБрд╕реНрдиреЗ,,,,,╪и┌С ┘╛┌╛┘╣┘С█М
coons,,,,,рдлрдЯреЗ рдХрдВрдбреЛрдо рдХреЗ рдирддреАрдЬреЗ,р▓ор│Вр▓жр│Зр▓╡р▓┐,,,ъпЕъпГъпеъпвъпГъпКъпи,рднрд╛рдбреНрдЦрд╛рдК,рд▓рд╛рдБрдбреЛрдХреЛ рднреБрддреНрд▓рд╛,,,,,┌й┘Ж┘И╪з╪▒█М ┌Ж┘И╪к
creampie,,,,,рдлрдЯреЗ рд╣реБрдП рд▓рдиреНрдбрдЯреЛрдкреА рдХрд╛ рд░рд┐рдЬрд▓реНрдЯ,р▓ор▓ир│Жр▓╣р▓╛р▓│,,,ъпЕъпеъпГъпеъпГъпа,рдкрд╛рджрд░рдЯ,рд▓рд╛рджреНрд░реЛ рдкрд▓реНрдЯрд╛рдЗрд╕реН,,,,,┘Д╪з┌║┌С
cum,,,,,рдЧрд╛рдВрдбреВ,р▓ор▓ир│Жр▓╣р▓╛р▓│р▓┐,,,ъпЕъпГъпеъпГъпа,рд╕реБрдХрд╛рд│реАрдЪреНрдпрд╛,рд▓рд╛рдореНрдЯреЛ/рд▓рд╛рдореНрдЯрд╛,,,,,┌п╪з┘Ж┌С ┘Е╪з╪▒┘П┘И
cumming,,рж╣рж╛рж░рж╛ржорж┐,,,рдЧрд╛рдВрдбрдлрдд,р▓╣р│Ар▓ир▓╕р│Бр▓│р▓┐,,,ъпЕъпЕъпиъпЧъпг,рдмреЗрд╡рдбреНрдпрд╛,рд▓рдЯреНрдардХ,,,,,┘╛┌п┘Д ┌Ж┘И╪п
cumshot,,,,,рдЧрд╛рдВрдбрдорд╕реНрддреА,р▓╣р│Кр▓▓р│Зр▓░р▓ор│Бр▓Вр▓бр│Ж,,,ъпЕъпДъпе ъпКъпгъпФъпеъпвъпГъпЖъпе,рднреВрд╕рдирд│реАрдЪреНрдпрд╛,рд▓реМрдореБрддреЗ,,,,,╪и┌й╪▒ ┘╛█М┘Д█М
cumshots,,,,,рдЧрд╛рдВрдб рдХрд╛ рдорд╛рдЦрди,р▓╣р│Кр▓▓р│Жр▓п,,,ъпЕъпДъпе ъпМъпеъпЕъпд ъпГъпЖъпе,рднреИрддрд╛рдб,рд▓реЛрджрд░реЗ,,,,,╪и┌й┌Ж┘И╪п█М
cunnilingus,,,,,рдЧрд╛рдВрдб рдорд╛рд░реЛ,р▓ор▓╛р▓жр▓┐р▓Ч,,,ъпЕъпКъпдъпХъпгъпб,рдЭрд╡рдиреНрдпрд╛,рд▓реЛрдЧреНрдиреЗ рдЦрд╛рдиреЗ,,,,,┘╛┌п┘Д█М ┌й╪з ┘╛█М╪п╪з
cunt,,,,,рдШреЛрдгреНрдбреВ,р▓╣р▓Ьр▓╛р▓о,,,ъпЕъпгъпв ъпЕъпеъпДъпе,,рд▓реНрд╡рд╛рдБрджреЗ,,,,,┌Ж┌╛┘Ж╪▒ ┌Ж┘И╪к
darkie,,ржкрзЛржБржжржорж╛рж░рж╛ржирж┐,,,рдЭрд╛рдВрдЯ рдЪрд╛рддреБ,р▓ир▓┐р▓ир│Нр▓ир▓пр│Нр▓пр▓ир│Н,,,ъпСъпгъпЫъпЗъпХъпд,рдЪрд┐рдирд╛рд▓,рдорд╛рд▓,,,,,╪│╪к╪▒┘Ж┌п█М ┌Ж┘И╪п╪з
date rape,,рж╢рзБрзЯрзЛрж░рзЗрж░ ржмрж╛ржЪрзНржЪрж╛,,,рдЭрд╛рдВрдЯ рдХрд╛ рднрд╛рдЬреА,р▓ор│Бр▓Хр▓│р▓┐,,,ъпСъпгъпЫъпКъпи,рдмрд╣рд┐рдирдЪреЛрдж,рдорд╛рдЪрд┐рдХреНрдиреЗ,,,,,╪и█М┘И█М ┌й╪з ╪п┘Д┘С╪з
daterape,,,,,рдХреБрддреНрддреЗ рдХрд╛ рдмреАрдЬ,р▓ор│Бр▓жр▓┐р▓п,,,ъпСъпгъпВъпЫъпИъпд,"рдлреБрдХрдиреАрдЪреНрдпрд╛, рдлреБрдХрдиреНрдпрд╛",рдорд╛рдХрд╛рдЪреБрдд,,,,,╪п┘Д┘С╪з
deep throat,,,,,рд▓реБрдВрдб рдЪреВрд╕реЛ,р▓Хр│Лр▓Ь,,,ъпФъпз,рдвреЛрд▓реНрдпрд╛,рдорд░реНрди рдирд╕рдХреЗрдХреЛ,,,,,╪и█Б┘Ж ┌й█М ┘Б╪п┘С█М
deepthroat,,ржкрзБржЯржХрж┐,,,рд▓реБрдВрдб рдлрд╝рдХреАрд░,р▓ор│Бр▓ар│Нр▓ар▓╛р▓│,,,ъпФъпз ъпЕъпиъпДъпд,,рдорд╛рд╕рд╛рд▓рд╛,,,,,╪м┘╛┌С ┌п┘Ж╪м┘И
dendrophilia,,,,,рд▓реБрдиреНрдбреВрд╕,р▓╣р│Жр▓ор│Нр▓ор▓╛р▓░р▓┐,,,ъпБъпЫъпКъпдъпХъпд,,рдорд╡рд╛рд▓реА,,,,,┌Ж┘И┌Ж█М
dick,,,,,рд▓рдгреНрдб рдХрд╛ рд╢реЛрд░рдмрд╛,BSDK,,,ъпБъпЫъпКъпи,,рдореБрдЬреА,,,,,┘Б╪п┘С█М
dildo,,ржЪрзБржжрж┐,,,рд▓рдгреНрдб рдХрд╛ рднреЗрдЬрд╛,LKB,,,ъпБъпЫъпКъпи ъпВъпеъпХ,,рдореБрдЬреАрдХреЛ рднреБрддреНрд▓рд╛,,,,,┌Ж┘И╪к ┌й╪з ┌Ж┘╣┘И█Б╪▒╪з
dingleberry,,,,,рд▓рдгреНрдб рдкреЗ рдЪрдврд╝ рдЬрд╛,р▓╣р│Кр▓▓р▓╕р│Б,,,ъпБъпЫъпКъпи ъпВъпеъпХъпе,,рдореБрд▓рд╛,,,,,┘Д┘Ж┌И ╪и╪з╪▓
dingleberries,,,,,рд▓рдгреНрдб рдкреЗ рдардгреНрдб рд╣реИ,р▓Ер▓кр▓╛р▓кр│Лр▓▓р▓┐,,,ъпБъпЫъпКъпи ъпЕъпиъпДъпд,,рдореБрд▓реНрдпрд╛рд╣рд╛,,,,,╪▒┘Ж┌И█М ╪и╪з╪▓
dirty pillows,,,,,рд▓рдгреНрдб рдХреЗ рдкрд╕реАрдиреЗ,BVC,,,ъпБъпЯ ъпГъпеъпЯъпХъпе,,рдореБрд░реНрджрд╛,,,,,╪▒┘Ж┌И█М ╪и╪з╪▓█М
dirty sanchez,,,,,рд▓рд╡рдбреЗ рдХреЗ рдмрд╛рд▓,р▓ир▓┐р▓ор│Нр▓ор▓кр│Нр▓кр▓ир│Н,,,ъпБъпжъпбъпХъпд,,рдореБрдд рдШрд┐рдЪреНрдиреЗ,,,,,┘Е╪з┌║ ┌й╪з ╪и┌╛┘И┘Ж╪│┌С╪з
doggie style,,ржЪрзЛржжрж╛ ржЪрзБржжрж┐,,,рдорд╛рдБ рдХреЗ рднрдбрд╝рд╡реЗ,р▓Хр▓│р│Нр▓│ р▓ир▓ир│Нр▓ор▓Ч,,,ъпБъпгъпЕъпг,,рдореБрддреНрдиреЗ,,,,,╪и┌╛┌п┘Ж█М ┌й╪з ╪п╪з┘Е╪з╪п
doggiestyle,,,,,рдореБрда рдорд╛рд░,р▓╕р│Бр▓╡р▓░р│Н,,,ъпКъпдъпХъпеъпПъпАъпгъпЯ,,рдореБрддреБрд╡рд╛,,,,,╪н╪▒╪з┘Е ╪о┘И╪▒
doggy style,,ржмрж┐ржЪрж┐,,,рдкрд░рд┐рдЪреЛрдб,р▓Хр▓кр▓┐ р▓др▓░р│Нр▓бр│Ж,,,ъпКъпдъпХъпеъпЫ ъпГъпеъпЯъпХ,,рдирдХрдЪрд░реА,,,,,┌п┘Д╪з╪и█М ┌Ж┘И┌Ж█М
doggystyle,,,,,рдлрдЯреЗрд▓реЗ рдирд┐рд░реЛрдз рдХреЗ рдирддреАрдЬреЗ,р▓ир▓┐р▓ор│Нр▓ор│Мр▓и р▓Хр│Жр▓пр│Нр▓п,,,ъпКъпдъпХъпгъпбъпВъпеъпО,,рдирдХрдЪрд░реЛ,,,,,┘Е╪з┘Д ╪и╪з╪▓
dog style,,,,,рдкреВрдЫреА,р▓ир▓┐р▓ир│Нр▓ир▓Хр│Нр▓Хр▓ир│НтАМ р▓Хр│Ир▓пр│Нр▓п,,,ъпКъпдъпХъпиъпЫъпАъпк,,рдирд╛рдорд░реНрдж,,,,,┌Ж┘И╪п┘Е ┘╛┘╣┘С█М
dolcett,,,,,рд░рд╛рдВрдбрд╝реА рдмрд╛рдЬреЗрд░,р▓╖р▓Вр▓б,,,ъпКъпдъпХъпиъпЭъпРъпеъпП,,рдирдкреБрдВрд╕рдХ,,,,,╪и█М┘Д┘Е ┘╛┌╛╪з┌С
domination,,,,,рд░реБрдВрдбреА рдХреЛ рдЪреЛрдж,р▓кр│Бр▓бр▓┐ р▓╢р▓╛р▓Я,,,ъпКъпдъпХъпиъпа,,рдирд╛рдареЛ,,,,,╪и┌╛┘И╪│┌С ┘╛┘╛┘С┘И
dominatrix,,,,,рд░рдмрд░ рднреЛрд╕рдбрд╝рд╛,р▓╣р│Зр▓▓р│НтАМ р▓др▓┐р▓ир│Нр▓ир│Б,,,ъпКъпдъпЖъпеъпХ,,рдкрд╛рдЬреА,,,,,┌Ж┌╛┘Ж╪▒ ╪м╪з╪к
dommes,,ржмрж╛рж▓ржЪрзЛржжрж╛,,,рд╕рджреА рд╣реБрдИ рдЧрд╛рдВрдб,р▓др│Бр▓гр│Нр▓гр│Жр▓Чр▓кр│Нр▓к,,,ъпКъпдъпЖъпеъпХъпе,,рдкрдЧрд▓рд╛,,,,,┌п╪з┘Ж┌С ┌й╪з ┌Ж┌╛█М╪п
donkey punch,,ржЧрж╛ржирзНтАМржбрзБржЪрзЛржжрж╛,,,рддреЗрд░рд╛ рдЖрдзрд╛ рдирд┐рд░реЛрдз рдореЗрдВ рд░рд╣ рдЧрдпрд╛,р▓др▓┐р▓Х р▓Хр│Зр▓пр│Нр▓╕р│Нр▓Хр│К,,,ъпКъпдъпЖъпеъпХъпд,,рдкрдЧрд▓реА,,,,,┌Ж┌й┘Ж█М ┌Ж┘И╪к
double dong,,,,,рд▓рдВрдб,р▓кр│Бр▓Яр│Нр▓Чр▓╛р▓Вр▓бр│Б,,,ъпКъпдъпТъпжъпаъпЖъпй,,рдкрд╛рдиреА рдорд░реБрд╡рд╛,,,,,┘Е┘Д╪з╪ж█М ┌Ж┘И╪к
double penetration,,,,,рдЪреБрджрд╛рдИ,,,,ъпКъпдъпТъпиъпЯ,,рдкрд╛рддрдХреА,,,,,
dp action,,,,,рдЪреВрддрдбрд╝реЛрдВ,р▓ир▓┐р▓ир│Нр▓ир▓ор│Нр▓ор▓ир│Н,,,ъпКъпдъпТъпиъпЯъпВъпеъпО,,рдкрд┐рди,,,,,┌п╪п┌╛╪з
dry hump,,,,,рдЭрдВрдбреА,,,,ъпКъпдъпЦъпеъпХъпе,,рдкрд┐рдирдХреЛ рджреБрд▓реЛ,,,,,┌Ж┌╛┌й╪з
dvda,,,,,рдмреВрдмреНрд╕,,,,ъпКъпдъпЦъпеъпХъпд,,рдкреБрддрд┐ рдЪрд┐рд▓рд╛рдпреЛ,,,,,╪к┘Д┘И█Т ┌Ж╪з┘╣┘Ж╪з
eat my ass,,ржврзНржпрж╛ржоржирж╛ржЪрзЛржжрж╛,,,рдЪреЛрджрдирд╛,,,,ъпКъпдъпЕъпгъпв,,рдкреБрддреАрдХреЛ рдЭреЛрд▓,,,,,╪и┌╛╪з╪ж█М ┌Ж┘И╪п
ecchi,,,,,рдЪреЛрджрдиреЗ,,,,ъпКъпдъпЗъпйъпХъпе,,рдкреБрддреНрддреА,,,,,┘Е╪з┌║ ┌Ж┘И╪п
ejaculation,,,,,рдЪреЛрджреНрдирд╛,,,,ъпКъпдъпМъпеъпбъпТъпк,,рд░рд╛рдБрдбреА,,,,,╪и█Т╪║█М╪▒╪к
erotic,,,,,рдЪреЛрджреЛ,,,,ъпКъпдъпМъпеъпбъпАъпк,,рд░рд╛рдБрдбреАрдХреЛ рдмрд╛рди,,,,,
erotism,,,,,рдЪреЛрджрддрд╛,,,,ъпКъпгъпФъпеъпв ъпГъпЖъпе,,рд░рд╛рдИ рдХрд┐рд░рд╛,,,,,
escort,,,,,рдЪреЛрджрддреЗ,,,,ъпКъпиъпХъпк,,рд░рдЦреЗрд▓реНрдиреА,,,,,
eunuch,,,,,рдЪреЛрджрди,,,,ъпКъпиъпХъпкъпЦъпеъпО,,рд░рдиреНрдбреА,,,,,
fag,,,,,рдЧрд╛рдиреНрдб,,,,ъпКъпиъпХъпиъпЫъпАъпк,,рд░рдиреНрдбреАрдЦрд╛рдирд╛,,,,,
faggot,,,,,рдЪреБрдд,,,,ъпКъпиъпТъпеъпЫъпДъпд ъпГъпЖъпе,,рд░рдиреНрдбреАрдХреЛ рдЫреЛрд░реЛ,,,,,
fecal,,,,,рдХрдорд╢реЙрдЯ,,,,ъпКъпиъпТъпеъпЫъпДъпд,,рд╕рд╛рд▓рд╛,,,,,
felch,,,,,рдЪреБрдЪрд┐рдпрд╛,,,,ъпКъпиъпв,,рд╕рдбрдХрдЫрд╛рдк,,,,,
fellatio,,,,,рд▓реМрдбрд╝рд╛,,,,ъпКъпиъпЦъпЫ,,рд╕реБрдХреБрд▓ рдЧреБрдгреНрдбрд╛,,,,,
feltch,,,,,рд▓реМрдбрд╛,,,,ъпКъпиъпЦъпдъпЯъпЦъпеъпО,,рддреЗрд░реЛ рдмрд╛рдЙ,,,,,
female squirting,,,,,,,,,ъпКъпиъпЦъпдъпЯъпКъпд,,рддреЗрд░реЛ рдмрд╛рдЙрдХреЛ рдЯрд╛рдЙрдХреЛ,,,,,
femdom,,,,,рднреЬрд╡рд╛,,,,ъпКъпиъпЦъпдъпЯъпЗъпиъпЭ,,рддреЗрд░реЛ рдЯрд╛рдЙрдХреЛ,,,,,
figging,,,,,,,,,ъпКъпиъпЦъпгъпЮъпД,,рдерд╛рдЩреНрдЧрдиреЗ рдЖрдЗрдорд╛рдИ,,,,,
fingerbang,,,,,рдЪреВрддрд┐рдпрд╛,,,,ъпКъпиъпЦъпгъпЮъпДъпе,,рдардЧ,,,,,
fingering,,,,,,,,,ъпКъпиъпВъпеъпОъпХъпд,,рдардЧрд╛рд╣рд╛,,,,,
fisting,,,,,,,,,ъпКъпиъпГъпеъпвъпХъпк,,рдардХреНрдардХреЗ,,,,,
foot fetish,,,,,,,,,ъпКъпиъпГъпеъпвъпТъпЯ,,рдЯреБрдиреНрдЯреЗ,,,,,
footjob,,,,,,,,,ъпКъпиъпГъпеъпвъпАъпЯ,,рддреБрд░реА рдЯрд╛рдЙрдХреЗ,,,,,
frotting,,,,,,,,,ъпКъпиъпГъпеъпвъпДъпеъпЫ,,рддреБрддреБрд░реЗ,,,,,
fuck,,,,,,,,,ъпКъпиъпГъпдъпаъпЖъпгъпа,,,,,,,
fuck buttons,,,,,,,,,ъпКъпиъпГъпдъпаъпАъпеъпЫ,,,,,,,
fuckin,,,,,,,,,ъпКъпиъпГъпдъпаъпВъпк,,,,,,,
fucking,,,,,,,,,ъпКъпиъпГъпдъпаъпВъпеъпО,,,,,,,
fucktards,,,,,рдЧрд╢реНрддреА,,,,ъпКъпиъпГъпдъпаъпЗъпеъпб,,,,,,,
fudge packer,,,,,,,,,ъпКъпиъпГъпдъпаъпЗъпгъпб,,,,,,,
fudgepacker,,,,,,,,,ъпКъпиъпГъпдъпаъпМъпиъпб,,,,,,,
futanari,,,,,,,,,ъпКъпиъпГъпгъпаъпЖъпй,,,,,,,
gangbang,,,,,,,,,ъпКъпиъпГъпиъпХъпд,,,,,,,
gang bang,,,,,,,,,ъпКъпиъпГъпиъпФъпй,,,,,,,
gay sex,,,,,рдмрдзрд┐рд░,,,,ъпКъпиъпЕъпеъпЖъпгъпЫ,,,,,,,
genitals,,,,,,,,,ъпКъпиъпЕъпеъпДъпк,,,,,,,
giant cock,,,,,,,,,ъпКъпиъпЕъпеъпРъпЯ,,,,,,,
girl on,,,,,,,,,ъпКъпиъпЕъпЮъпЗъпй,,,,,,,
girl on top,,,,,рднрдбрд╝рд╡рд╛,,,,ъпКъпиъпЙъпеъпО,,,,,,,
girls gone wild,,,,,,,,,ъпКъпиъпЙъпеъпОъпХъпе,,,,,,,
goatcx,,,,,,,,,ъпКъпЙъпеъпОъпХъпд,,,,,,,
goatse,,,,,,,,,ъпКъпиъпЙъпеъпОъпФъпд,,,,,,,
god damn,,,,,,,,,ъпКъпиъпЯъпЦъпеъпОъпХъпд,,,,,,,
gokkun,,,,,рдЪреВрддрд┐рдпрд╛,,,,ъпКъпиъпЕъпиъпХ,,,,,,,
golden shower,,,,,,,,,ъпКъпиъпЕъпиъпХъпд,,,,,,,
goodpoop,,,,,рдЧрд╢реНрддреА,,,,ъпКъпиъпФъпеъпОъпХъпд,,,,,,,
goo girl,,,,,,,,,ъпКъпиъпФъпжъпбъпХъпд,,,,,,,
goregasm,,,,,,,,,ъпКъпиъпФъпдъпХъпд,,,,,,,
grope,,,,,,,,,ъпКъпиъпБъпГъпжъпЯ,,,,,,,
group sex,,,,,,,,,ъпКъпиъпМъпеъпАъпе,,,,,,,
gspot,,,,,,,,,ъпКъпиъпМъпеъпЖъпз,,,,,,,
guro,,,,,рд╣рд┐рдЬрдбрд╝рд╛,,,,ъпКъпиъпМъпеъпбъпТъпк,,,,,,,
hand job,,,,,,,,,ъпКъпиъпМъпеъпбъпАъпк,,,,,,,
handjob,,,,,,,,,ъпМъпеъпФъпд ъпПъпАъпеъпЫ ъпАъпеъпЫъпДъпд,,,,,,,
hard core,,,,,,,,,ъпМъпгъпб ъпГъпКъпиъпЯ ъпГъпеъпЯъпХ,,,,,,,
hardcore,,,,,,,,,,,,,,,,
hentai,,,,,,,,,,,,,,,,
homoerotic,,,,,,,,,,,,,,,,
honkey,,,,,,,,,,,,,,,,
hooker,,,,,,,,,,,,,,,,
horny,,,,,,,,,,,,,,,,
hot carl,,,,,рд╕рд╛рд▓реА рдХреБрддреНрддреА,,,,,,,,,,,
hot chick,,,,,рд╕реВрдЕрд░,,,,,,,,,,,
how to kill,,,,,,,,,,,,,,,,
how to murder,,,,,,,,,,,,,,,,
huge fat,,,,,,,,,,,,,,,,
humping,,,,,,,,,,,,,,,,
incest,,,,,,,,,,,,,,,,
intercourse,,,,,,,,,,,,,,,,
jack off,,,,,,,,,,,,,,,,
jail bait,,,,,,,,,,,,,,,,
jailbait,,,,,,,,,,,,,,,,
jelly donut,,,,,,,,,,,,,,,,
jerk off,,,,,,,,,,,,,,,,
jigaboo,,,,,рдХреБрддреНрддреЗ рдХреА рдФрд▓рд╛рдж,,,,,,,,,,,
jiggaboo,,,,,,,,,,,,,,,,
jiggerboo,,,,,,,,,,,,,,,,
jizz,,,,,,,,,,,,,,,,
juggs,,,,,,,,,,,,,,,,
kike,,,,,рд░рдВрдбрд╡рд╛,,,,,,,,,,,
kinbaku,,,,,,,,,,,,,,,,
kinkster,,,,,,,,,,,,,,,,
kinky,,,,,рд░рдВрдбреА рдХрд╛ рдмрдЪрд╛,,,,,,,,,,,
knobbing,,,,,рд░рдВрдбреА рдХреА рдмрдЪреА,,,,,,,,,,,
leather restraint,,,,,рд╕реВрдЕрд░ рдХреЗ рдмрдЪреНрдЪреЗ,,,,,,,,,,,
leather straight jacket,,,,,рдЙрд▓реНрд▓реВ рдХреЗ рдкрдЯреНрдареЗ,,,,,,,,,,,
lemon party,,,,,,,,,,,,,,,,
livesex,,,,,,,,,,,,,,,,
lolita,,,,,,,,,,,,,,,,
lovemaking,,,,,,,,,,,,,,,,
make me come,,,,,рднреЗрдирдЪреЛрдж,,,,,,,,,,,
male squirting,,,,,,,,,,,,,,,,
masturbate,,,,,рдХрдВрд╕рдорд╛рдорд╛,,,,,,,,,,,
masturbating,,,,,рдЫрд┐рдкрдХрд▓реА рдХреЗ рдЪреВрдд рдХреЗ рдкрд╕реАрдиреЗ,,,,,,,,,,,
masturbation,,,,,,,,,,,,,,,,
menage a trois,,,,,рдЫрд┐рдкрдХрд▓реА рдХреЗ рдЧрд╛рдВрдб рдХреЗ рдмрд╛рд▓,,,,,,,,,,,
milf,,,,,рдЫрд┐рдкрдХрд▓реА рдХреЗ рдЧрд╛рдВрдб рдХреЗ рдкрд╕реАрдиреЗ,,,,,,,,,,,
missionary position,,,,,,,,,,,,,,,,
mong,,,,,,,,,,,,,,,,
motherfucker,,,,,рдЫреЛреЬ рдлреБрджрдХрдирд╛,,,,,,,,,,,
mound of venus,,,,,,,,,,,,,,,,
mr hands,,,,,,,,,,,,,,,,
muff diver,,,,,,,,,,,,,,,,
muffdiving,,,,,,,,,,,,,,,,
nambla,,,,,,,,,,,,,,,,
nawashi,,,,,,,,,,,,,,,,
negro,,,,,,,,,,,,,,,,
neonazi,,,,,,,,,,,,,,,,
nigga,,,,,,,,,,,,,,,,
nigger,,,,,,,,,,,,,,,,
nig nog,,,,,,,,,,,,,,,,
nimphomania,,,,,,,,,,,,,,,,
nipple,,,,,,,,,,,,,,,,
nipples,,,,,,,,,,,,,,,,
nsfw,,,,,,,,,,,,,,,,
nsfw images,,,,,,,,,,,,,,,,
nude,,,,,,,,,,,,,,,,
nudity,,,,,,,,,,,,,,,,
nutten,,,,,рдЭрд╛рдВрдЯ рдЪрд╛рдЯреБ,,,,,,,,,,,
nympho,,,,,,,,,,,,,,,,
nymphomania,,,,,,,,,,,,,,,,
octopussy,,,,,рд▓рдВрдб рдЪреВрд╕реЛ,,,,,,,,,,,
omorashi,,,,,рд▓рдВрдб рдлрд╝рдХреАрд░,,,,,,,,,,,
one cup two girls,,,,,рд▓рдВрдб,,,,,,,,,,,
one guy one jar,,,,,рд▓рдВрдб рдХрд╛ рд╢реЛрд░рдмрд╛,,,,,,,,,,,
orgasm,,,,,рд▓рдВрдб рдХрд╛ рднреЗрдЬрд╛,,,,,,,,,,,
orgy,,,,,рд▓рдВрдб рдкреЗ рдЪрдврд╝ рдЬрд╛,,,,,,,,,,,
paedophile,,,,,рд▓рдВрдб рдкреЗ рдардгреНрдб рд╣реИ,,,,,,,,,,,
paki,,,,,рд▓рдВрдб рдХреЗ рдкрд╕реАрдиреЗ,,,,,,,,,,,
panties,,,,,,,,,,,,,,,,
panty,,,,,,,,,,,,,,,,
pedobear,,,,,,,,,,,,,,,,
pedophile,,,,,,,,,,,,,,,,
pegging,,,,,,,,,,,,,,,,
penis,,,,,,,,,,,,,,,,
phone sex,,,,,рд░рдВрдбреА рдмрд╛реЫрд╛рд░,,,,,,,,,,,
piece of shit,,,,,рд░рдВрдбреА рдХреЛ рдЪреЛрдж,,,,,,,,,,,
pikey,,,,,,,,,,,,,,,,
pissing,,,,,рд╕рдбреА рд╣реБрдИ рдЧрд╛рдВрдб,,,,,,,,,,,
piss pig,,,,,,,,,,,,,,,,
pisspig,,,,,,,,,,,,,,,,
playboy,,,,,,,,,,,,,,,,
pleasure chest,,,,,,,,,,,,,,,,
pole smoker,,,,,,,,,,,,,,,,
ponyplay,,,,,,,,,,,,,,,,
poof,,,,,,,,,,,,,,,,
poon,,,,,,,,,,,,,,,,
poontang,,,,,рдЪреЛрджреЛ,,,,,,,,,,,
punany,,,,,,,,,,,,,,,,
poop chute,,,,,,,,,,,,,,,,
poopchute,,,,,,,,,,,,,,,,
porn,,,,,,,,,,,,,,,,
porno,,,,,,,,,,,,,,,,
pornography,,,,,,,,,,,,,,,,
prince albert piercing,,,,,,,,,,,,,,,,
pthc,,,,,рдЪреБрддрд┐рдпрд╛,,,,,,,,,,,
pubes,,,,,,,,,,,,,,,,
pussy,,,,,рд▓реМрдбрд╝рд╛,,,,,,,,,,,
queaf,,,,,рдмрджрд┐рд░ рдмрдзрд┐рд░,,,,,,,,,,,
queef,,,,,рдмрджрд┐рд░рдЪрдВрдж рдмрдзрд┐рд░рдЪрдВрдж,,,,,,,,,,,
quim,,,,,рдмрдХрд▓рдВрдб,,,,,,,,,,,
raghead,,,,,рднрд╛рдВрдбрд╡рд╛,,,,,,,,,,,
raging boner,,,,,рднреВрдд рдиреА рдХрд╛,,,,,,,,,,,
rape,,,,,рдЫрд┐рдирд╛рд▓,,,,,,,,,,,
raping,,,,,рдЪреБрдк рдХрд░,,,,,,,,,,,
rapist,,,,,рдЪреБрддреАрдпрд╛ / рдЪреВрддрд┐рдпрд╛ / рдЪреВрддрд┐рдЖ / рдЪреБрддрди,,,,,,,,,,,
rectum,,,,,рдШрд╕реНрддреА / рдЧрд╢реНрддреА / рдЧрд╕реНрддреА / рдШрд╕реНрд╕рд╛реЬ,,,,,,,,,,,
reverse cowgirl,,,,,рд╣рд░рд╛рдореА,,,,,,,,,,,
rimjob,,,,,рд╣рд░рд╛рдо реЫрд╛рджрд╛,,,,,,,,,,,
rimming,,,,,рд╣рд┐рдЬреЬрд╛ / рд╣рд┐рдЬрд░рд╛,,,,,,,,,,,
rosy palm,,,,,рдЬрд╛рдирд╡рд░,,,,,,,,,,,
rosy palm and her 5 sisters,,,,,рдХреБрддреНрддрд╛,,,,,,,,,,,
rusty trombone,,,,,рдХреБрддреНрддрд┐рдпрд╛,,,,,,,,,,,
sadism,,,,,рдЦреЛрддрд╛,,,,,,,,,,,
santorum,,,,,рдЦреЛрддреЗ рдХреА рдФрд▓рд╛рдж,,,,,,,,,,,
scat,,,,,рдХреБрддреНрддреЗ рдХреА рдЬрд╛рдд,,,,,,,,,,,
schlong,,,,,рдирд╛рдЬрд╛рдпреЫ,,,,,,,,,,,
scissoring,,,,,рдирд╛рдЬрд╛рдпреЫ рдкреИрджрд╛рдЗрд╢,,,,,,,,,,,
semen,,,,,рд╕рд╛рд▓рд╛ рдХреБрддреНрддрд╛,,,,,,,,,,,
sex,,,,,рд╕рд╛рд▓реА рдХреБрддреНрддреА,,,,,,,,,,,
sexcam,,,,,рд╕реВрд╡рд░,,,,,,,,,,,
sexo,,,,,рдЯрдЯреНрдЯреА,,,,,,,,,,,
sexy,,,,,,,,,,,,,,,,
sexual,,,,,,,,,,,,,,,,
sexually,,,,,,,,,,,,,,,,
sexuality,,,,,,,,,,,,,,,,
shaved beaver,,,,,,,,,,,,,,,,
shaved pussy,,,,,,,,,,,,,,,,
shemale,,,,,,,,,,,,,,,,
shibari,,,,,,,,,,,,,,,,
shit,,,,,,,,,,,,,,,,
shitblimp,,,,,,,,,,,,,,,,
shitty,,,,,,,,,,,,,,,,
shota,,,,,,,,,,,,,,,,
shrimping,,,,,,,,,,,,,,,,
skeet,,,,,,,,,,,,,,,,
slanteye,,,,,,,,,,,,,,,,
slut,,,,,,,,,,,,,,,,
s&m,,,,,,,,,,,,,,,,
smut,,,,,,,,,,,,,,,,
snatch,,,,,,,,,,,,,,,,
snowballing,,,,,,,,,,,,,,,,
sodomize,,,,,,,,,,,,,,,,
sodomy,,,,,,,,,,,,,,,,
spastic,,,,,,,,,,,,,,,,
spic,,,,,,,,,,,,,,,,
splooge,,,,,,,,,,,,,,,,
splooge moose,,,,,,,,,,,,,,,,
spooge,,,,,,,,,,,,,,,,
spread legs,,,,,,,,,,,,,,,,
spunk,,,,,,,,,,,,,,,,
strap on,,,,,,,,,,,,,,,,
strapon,,,,,,,,,,,,,,,,
strappado,,,,,,,,,,,,,,,,
strip club,,,,,,,,,,,,,,,,
style doggy,,,,,,,,,,,,,,,,
suck,,,,,,,,,,,,,,,,
sucks,,,,,,,,,,,,,,,,
suicide girls,,,,,,,,,,,,,,,,
sultry women,,,,,,,,,,,,,,,,
swastika,,,,,,,,,,,,,,,,
swinger,,,,,,,,,,,,,,,,
tainted love,,,,,,,,,,,,,,,,
taste my,,,,,,,,,,,,,,,,
tea bagging,,,,,,,,,,,,,,,,
threesome,,,,,,,,,,,,,,,,
throating,,,,,,,,,,,,,,,,
thumbzilla,,,,,,,,,,,,,,,,
tied up,,,,,,,,,,,,,,,,
tight white,,,,,,,,,,,,,,,,
tit,,,,,,,,,,,,,,,,
tits,,,,,,,,,,,,,,,,
titties,,,,,,,,,,,,,,,,
titty,,,,,,,,,,,,,,,,
tongue in a,,,,,,,,,,,,,,,,
topless,,,,,,,,,,,,,,,,
tosser,,,,,,,,,,,,,,,,
towelhead,,,,,,,,,,,,,,,,
tranny,,,,,,,,,,,,,,,,
tribadism,,,,,,,,,,,,,,,,
tub girl,,,,,,,,,,,,,,,,
tubgirl,,,,,,,,,,,,,,,,
tushy,,,,,,,,,,,,,,,,
twat,,,,,,,,,,,,,,,,
twink,,,,,,,,,,,,,,,,
twinkie,,,,,,,,,,,,,,,,
two girls one cup,,,,,,,,,,,,,,,,
undressing,,,,,,,,,,,,,,,,
upskirt,,,,,,,,,,,,,,,,
urethra play,,,,,,,,,,,,,,,,
urophilia,,,,,,,,,,,,,,,,
vagina,,,,,,,,,,,,,,,,
venus mound,,,,,,,,,,,,,,,,
viagra,,,,,,,,,,,,,,,,
vibrator,,,,,,,,,,,,,,,,
violet wand,,,,,,,,,,,,,,,,
vorarephilia,,,,,,,,,,,,,,,,
voyeur,,,,,,,,,,,,,,,,
voyeurweb,,,,,,,,,,,,,,,,
voyuer,,,,,,,,,,,,,,,,
vulva,,,,,,,,,,,,,,,,
wank,,,,,,,,,,,,,,,,
wetback,,,,,,,,,,,,,,,,
wet dream,,,,,,,,,,,,,,,,
white power,,,,,,,,,,,,,,,,
whore,,,,,,,,,,,,,,,,
worldsex,,,,,,,,,,,,,,,,
wrapping men,,,,,,,,,,,,,,,,
wrinkled starfish,,,,,,,,,,,,,,,,
xx,,,,,,,,,,,,,,,,
xxx,,,,,,,,,,,,,,,,
yaoi,,,,,,,,,,,,,,,,
yellow showers,,,,,,,,,,,,,,,,
yiffy,,,,,,,,,,,,,,,,
zoophilia,,,,,,,,,,,,,,,,
ЁЯЦХ,,,,,,,,,,,,,,,,
cocklump,,,,,,,,,,,,,,,,
creampie,,,,,,,,,,,,,,,,
fuckhead,,,,,,,,,,,,,,,,
cum,,,,,,,,,,,,,,,,
cum dumpster,,,,,,,,,,,,,,,,
cuntface,,,,,,,,,,,,,,,,
dumbcunt,,,,,,,,,,,,,,,,
finger yourself,,,,,,,,,,,,,,,,
fuckwit,,,,,,,,,,,,,,,,
fudge packer,,,,,,,,,,,,,,,,
htf?,,,,,,,,,,,,,,,,
i want you to touch me here,,,,,,,,,,,,,,,,
gonna lick you until you scream,,,,,,,,,,,,,,,,
"been naughty, babe, now punish me",,,,,,,,,,,,,,,,
incest,,,,,,,,,,,,,,,,
jack off,,,,,,,,,,,,,,,,
jizz,,,,,,,,,,,,,,,,
white juice,,,,,,,,,,,,,,,,
lettuce licker,,,,,,,,,,,,,,,,
poopuncher,,,,,,,,,,,,,,,,
shitpipe,,,,,,,,,,,,,,,,
s.w.a.g,,,,,,,,,,,,,,,,
shitfaced,,,,,,,,,,,,,,,,
shitfuck,,,,,,,,,,,,,,,,
stinkhoer,,,,,,,,,,,,,,,,
suck my dick,,,,,,,,,,,,,,,,
teabagger,,,,,,,,,,,,,,,,
wtf,,,,,,,,,,,,,,,,
wtf,,,,,,,,,,,,,,,,
wack off,,,,,,,,,,,,,,,,
wank,,,,,,,,,,,,,,,,
wanker,,,,,,,,,,,,,,,,
knobcheese,,,,,,,,,,,,,,,,
wonkerfuckerprickhead,,,,,,,,,,,,,,,,
ahole,,,,,,,,,,,,,,,,
balls slap,,,,,,,,,,,,,,,,
balls slapping,,,,,,,,,,,,,,,,
beating the meat,,,,,,,,,,,,,,,,
beating meat,,,,,,,,,,,,,,,,
blow me,,,,,,,,,,,,,,,,
booger sugar,,,,,,,,,,,,,,,,
bouncing bozos,,,,,,,,,,,,,,,,
bovine feces,,,,,,,,,,,,,,,,
chimney sweeper,,,,,,,,,,,,,,,,
chutney ferret,,,,,,,,,,,,,,,,
cockeye,,,,,,,,,,,,,,,,
coral stomper,,,,,,,,,,,,,,,,
crotte,,,,,,,,,,,,,,,,
cum dumpster,,,,,,,,,,,,,,,,
cuntlapper,,,,,,,,,,,,,,,,
dipshit,,,,,,,,,,,,,,,,
dirty whore,,,,,,,,,,,,,,,,
douchebag,,,,,,,,,,,,,,,,
dumf,,,,,,,,,,,,,,,,
flamer,,,,,,,,,,,,,,,,
frocio,,,,,,,,,,,,,,,,
fucktwat,,,,,,,,,,,,,,,,
fuckwit,,,,,,,,,,,,,,,,
fudgenuts,,,,,,,,,,,,,,,,
shag,,,,,,,,,,,,,,,,
grup seks,,,,,,,,,,,,,,,,
manwhore,,,,,,,,,,,,,,,,
muff,,,,,,,,,,,,,,,,
nob rot,,,,,,,,,,,,,,,,
nosh me off,,,,,,,,,,,,,,,,
orgazm,,,,,,,,,,,,,,,,
orospu,,,,,,,,,,,,,,,,
palming the pearl,,,,,,,,,,,,,,,,
pussy,,,,,,,,,,,,,,,,
shit,,,,,,,,,,,,,,,,
sumbitch,,,,,,,,,,,,,,,,
wankbox,,,,,,,,,,,,,,,,
wanker,,,,,,,,,,,,,,,,
semen,,,,,,,,,,,,,,,,
bimbo,,,,,,,,,,,,,,,,
sucker,,,,,,,,,,,,,,,,
wimp,,,,,,,,,,,,,,,,
scoundrel,,,,,,,,,,,,,,,,
hardon,,,,,,,,,,,,,,,,